,name,statff_cnt,cost_per_area,nums_of_franchisees,new_nums_of_franchisee,avr_sales,avr_sales_per_area,start_cost,category,year,debt_ratio,profit,fairness,growth,stability
0,이디야커피,424,209.0,2875,305,18704.0,657.0,12913.0,커피,21,88,4,3,3,3
1,비비큐,233,203.0,1746,270,59456.0,4388.0,9078.0,치킨,28,58,3,3,4,3
2,비에이치씨(BHC),167,225.0,1619,231,52103.0,2851.0,8543.0,치킨,19,205,5,3,4,4
3,배스킨라빈스,1816,390.0,1466,85,57170.0,3060.0,32335.0,아이스크림/빙수,37,24,4,3,3,2
4,투다리,16,298.0,1434,145,11251.0,790.0,4533.0,주점,35,126,5,3,4,3
5,투썸플레이스,2303,209.0,1218,147,50890.0,911.0,29920.0,커피,5,609,4,3,4,5
6,교촌치킨,272,263.0,1269,113,74500.0,3605.0,11028.0,치킨,24,42,4,3,4,2
7,처갓집양념치킨,43,132.0,1225,220,22226.0,1564.0,2685.0,치킨,21,40,4,3,4,2
8,페리카나,23,179.0,1115,42,11959.0,1035.0,3395.0,치킨,32,51,4,3,3,2
9,굽네치킨,130,206.0,1065,47,38883.0,2449.0,8529.0,치킨,16,152,4,3,4,4
10,본죽,152,209.0,1008,3,17608.0,1500.0,7006.0,한식,19,25,3,3,3,2
11,멕시카나,65,130.0,878,98,21775.0,1556.0,3185.0,치킨,23,65,4,3,4,3
12,호식이두마리치킨,60,76.0,829,91,25227.0,1913.0,2930.0,치킨,17,103,5,3,3,3
13,이삭토스트,53,284.0,812,21,16268.0,1631.0,5228.0,분식,19,66,4,3,4,3
14,한솥,40,256.0,734,32,38204.0,2932.0,9801.0,한식,34,32,4,3,3,2
15,빽다방,281,176.0,721,117,29856.0,2231.0,10280.0,커피,29,78,4,3,4,3
16,던킨/던킨도너츠,1816,300.0,579,84,26884.0,1526.0,25065.0,제과제빵,37,24,4,3,3,2
17,신전떡볶이,11,25.0,696,39,26843.0,1955.0,7010.0,분식,12,161,5,3,4,4
18,역전할머니맥주1982,40,190.0,672,287,49751.0,1604.0,7386.0,주점,7,33,5,3,5,2
19,명랑시대쌀핫도그,62,300.0,642,46,16347.0,1635.0,3971.0,제과제빵,7,91,3,3,3,3
20,또래오래,72,130.0,640,76,13185.0,900.0,3322.0,치킨,17,86,3,3,4,3
21,피자마루,30,158.0,628,35,15525.0,1496.0,6268.0,피자,16,33,4,3,4,2
22,지코바양념치킨,44,200.0,624,111,25898.0,2078.0,5700.0,치킨,7,25,5,3,4,2
23,요거프레소,52,198.0,601,42,8893.0,520.0,6215.0,커피,16,117,3,3,3,3
24,커피베이,75,209.0,590,92,8527.0,410.0,6594.0,커피,14,159,3,3,2,4
25,피자스쿨,15,200.0,586,20,15320.0,1557.0,6724.0,피자,17,4,4,3,4,2
26,할리스/할리스커피,742,190.0,484,62,30010.0,547.0,24600.0,커피,18,120,2,3,3,3
27,가마치통닭,45,143.0,532,189,21566.0,1466.0,4890.0,기타 외식,7,122,5,3,5,3
28,봉구스밥버거,14,165.0,547,39,8458.0,790.0,4020.0,기타 외식,10,69,5,3,2,3
29,60계,68,203.0,546,109,51986.0,4251.0,9080.0,치킨,8,65,5,3,4,3
30,명륜진사갈비,96,148.0,545,96,61179.0,1175.0,17094.0,한식,11,52,4,3,2,2
31,노랑통닭,31,150.0,517,100,41617.0,1772.0,5330.0,치킨,9,48,4,3,4,2
32,자담치킨,57,132.0,515,296,25537.0,1497.0,4290.0,치킨,8,619,4,3,5,5
33,엔제리너스,5958,206.0,428,16,26913.0,3119.0,31768.0,커피,44,276,2,3,2,4
34,불닭발땡초동대문엽기떡볶이,52,198.0,499,14,56614.0,2824.0,9040.0,기타 외식,14,111,2,3,3,3
35,더벤티,87,176.0,504,137,18697.0,1498.0,6215.0,커피,8,134,4,3,3,3
36,본죽&비빔밥,152,209.0,510,118,27632.0,1509.0,9253.0,한식,19,25,3,3,3,2
37,또봉이통닭,26,143.0,509,68,13077.0,807.0,2806.0,치킨,8,17,4,3,3,2
38,59피자(오구피자),17,220.0,504,18,13089.0,1152.0,5390.0,피자,14,75,4,3,4,3
39,두찜,52,83.0,501,255,26221.0,1565.0,4700.0,한식,6,180,5,3,5,4
40,도미노피자,1262,360.0,356,4,83815.0,2881.0,24825.0,피자,34,71,4,3,4,3
41,김가네김밥,70,1.0,449,59,32995.0,2519.0,7410.0,기타 외식,17,134,3,3,3,3
42,쥬씨(JUICY),53,220.0,446,34,12554.0,1184.0,7138.0,음료 (커피 외),8,120,2,3,2,3
43,가장맛있는족발,19,242.0,419,27,59455.0,1681.0,12960.0,한식,9,10,4,3,3,2
44,땅스부대찌개,17,62.0,386,215,17950.0,1751.0,3060.0,한식,5,204,5,3,5,4
45,본도시락,152,231.0,384,46,36933.0,2776.0,6428.0,한식,19,396,3,3,3,5
46,죽이야기,29,165.0,379,25,9893.0,762.0,7295.0,기타 외식,19,204,3,3,4,4
47,피자헛,690,404.0,325,22,65568.0,616.0,21268.0,피자,32,88,4,3,5,3
48,크라운호프보리장인,39,165.0,349,142,31526.0,1109.0,6470.0,주점,10,139,4,3,3,3
49,티바두마리치킨,22,135.0,336,84,14190.0,1049.0,3451.0,치킨,9,405,3,3,4,5
50,압구정봉구비어,3,242.0,338,11,9944.0,674.0,6810.0,주점,10,54,3,3,2,3
59,맥시칸치킨,8,150.0,335,22,9933.0,777.0,2930.0,치킨,34,11,4,3,3,2
60,나우커피,10,165.0,315,315,3147.0,348.0,4636.0,커피,3,28,5,3,0,2
61,펀비어킹,17,251.0,320,57,28825.0,835.0,12746.0,주점,15,34,4,3,3,2
62,썬더치킨,4,120.0,308,17,11974.0,563.0,4620.0,기타 외식,15,25,2,3,2,2
63,부어치킨,28,133.0,307,52,11696.0,939.0,3730.0,치킨,9,515,2,3,3,5
64,팔공티,37,220.0,304,107,9959.0,843.0,7295.0,음료 (커피 외),5,251,4,3,4,4
65,원할머니,211,154.0,299,62,56106.0,1909.0,11512.0,한식,25,57,3,3,4,3
66,이차돌,125,176.0,294,75,70263.0,2308.0,14677.0,기타 외식,6,157,3,3,4,4
67,스무디킹(SMOOTHIEKING),53,700.0,279,191,5689.0,888.0,14465.0,음료 (커피 외),8,221,1,3,2,4
68,봄봄테이크아웃(봄봄TAKE-OUT),24,250.0,287,69,17050.0,1501.0,7650.0,커피,4,179,5,3,4,4
69,카페베네,103,220.0,279,13,15570.0,317.0,17550.0,커피,15,-233,2,3,3,1
70,놀부부대찌개,233,165.0,281,25,16164.0,593.0,10334.0,한식,33,647,1,3,2,5
71,땅땅치킨,56,57.0,287,58,16102.0,867.0,3890.0,치킨,16,251,2,3,2,4
72,홍루이젠,34,275.0,276,70,13417.0,1534.0,8035.0,제과제빵,6,127,2,3,1,3
73,응급실국물떡볶이,16,187.0,281,67,27223.0,1759.0,6497.0,분식,7,36,5,3,4,2
74,청년피자,4,132.0,271,120,39097.0,3012.0,5077.0,피자,3,333,2,3,0,4
75,반올림피자샵,41,55.0,265,35,52057.0,3534.0,3630.0,피자,7,47,5,3,4,2
76,하삼동커피,5,297.0,253,164,24349.0,1697.0,8220.0,커피,3,66,5,3,0,3
77,신참떡볶이,16,165.0,252,58,12816.0,992.0,4455.0,분식,8,54,5,3,4,3
78,삼겹본능,233,181.0,240,97,6449.0,2149.0,3355.0,한식,33,647,1,3,2,5
79,셀렉토커피,34,187.0,244,42,10161.0,558.0,7500.0,커피,18,167,3,3,3,4
80,미스터피자,201,165.0,216,9,32222.0,2483.0,16651.0,피자,28,69,2,3,2,3
81,홍콩반점0410,281,170.0,236,28,70721.0,1933.0,11930.0,중식,29,78,4,3,4,3
82,신통치킨,32,73.0,234,9,5274.0,299.0,3970.0,치킨,10,183,4,3,2,4
83,피자에땅,37,165.0,230,6,15261.0,835.0,10878.0,피자,22,15,4,3,3,2
84,두끼,43,198.0,229,20,29975.0,597.0,17768.0,분식,8,60,5,3,3,3
85,배떡,6,180.0,226,224,22064.0,1574.0,5875.0,분식,6,93,5,3,5,3
86,드롭탑(DROPTOP),58,165.0,215,17,17733.0,392.0,11316.0,커피,13,-235,4,3,2,1
87,와플대학,35,352.0,210,146,17093.0,1377.0,6690.0,기타 외식,10,177,5,3,5,4
88,후라이드참잘하는집,14,143.0,212,35,19008.0,1711.0,3560.0,치킨,3,13,4,3,5,2
89,미소야,25,227.0,205,20,31413.0,1620.0,8714.0,일식,35,702,4,3,3,5
91,토프레소,26,247.0,209,14,8249.0,510.0,6751.0,커피,11,537,2,3,3,5
95,얌샘김밥,36,198.0,204,53,27441.0,1783.0,6305.0,분식,17,333,2,3,4,4
96,바른치킨,41,143.0,203,57,29332.0,1649.0,4940.0,치킨,8,115,4,3,4,3
97,돈치킨,17,165.0,204,35,14538.0,697.0,6380.0,치킨,14,256,3,3,0,4
98,누구나홀딱반한닭,31,143.0,202,40,33757.0,1151.0,7136.0,치킨,12,114,4,3,4,3
99,족발야시장,35,165.0,201,64,69383.0,2358.0,9980.0,기타 외식,11,255,4,3,5,4
100,감성커피,4,143.0,199,60,11364.0,832.0,4240.0,커피,10,98,2,3,4,3
101,깐부치킨,25,275.0,195,12,32531.0,1230.0,10800.0,치킨,15,184,3,3,2,4
102,생활맥주,48,275.0,169,25,20294.0,1013.0,6910.0,주점,7,19,4,3,3,2
103,용우동,28,264.0,189,22,18114.0,1066.0,10180.0,분식,24,147,2,3,3,4
104,조마루감자탕,25,165.0,187,7,24916.0,451.0,15447.0,한식,18,32,4,3,3,2
105,치킨매니아,16,187.0,185,38,18524.0,988.0,9549.0,치킨,16,83,3,3,3,3
106,치킨더홈,24,130.0,185,60,23383.0,1482.0,3216.0,치킨,16,113,4,3,4,3
107,커피마마,26,150.0,182,15,7184.0,424.0,5640.0,커피,13,416,2,3,3,5
108,투존치킨,27,165.0,176,37,13235.0,795.0,5829.0,치킨,8,406,3,3,2,5
112,북촌손만두,35,198.0,176,28,22301.0,1455.0,8541.0,기타 외식,11,116,3,3,2,3
113,공수간,233,165.0,168,51,3828.0,1114.0,7011.0,분식,33,647,1,3,2,5
114,더카페,5254,165.0,172,16,11988.0,829.0,6090.0,커피,4,217,1,3,3,4
115,바우네나주곰탕,7,132.0,173,45,17859.0,802.0,7263.0,한식,5,10,5,3,2,2
116,놀부보쌈족발,233,165.0,167,42,16551.0,688.0,11629.0,한식,33,647,1,3,2,5
117,채선당,87,198.0,171,10,39577.0,531.0,37928.0,한식,18,56,2,3,2,3
118,신의주찹쌀순대,54,165.0,171,30,37969.0,1322.0,9657.0,한식,15,267,3,3,3,4
119,호치킨,42,1900.0,169,19,31644.0,1642.0,6070.0,치킨,9,20,2,3,3,2
120,아마스빈,11,220.0,166,41,19686.0,1476.0,6660.0,커피,9,481,2,3,2,5
121,탕화쿵푸마라탕,4,160.0,165,47,26360.0,1318.0,9000.0,중식,4,25,5,3,5,2
122,보드람치킨,8,286.0,165,16,21696.0,1296.0,7590.0,치킨,22,32,5,3,4,2
123,차얌,13,220.0,164,72,5872.0,569.0,7138.0,음료 (커피 외),7,646,2,3,4,5
124,하남돼지집,92,170.0,155,6,56929.0,1409.0,13375.0,한식,11,141,2,3,2,4
125,싸움의고수,12,220.0,161,78,25256.0,1746.0,7900.0,기타 외식,8,134,3,3,4,3
126,알통떡강정,15,220.0,159,30,10283.0,969.0,3860.0,치킨,10,144,4,3,3,4
127,걸작떡볶이치킨,46,148.0,154,37,27605.0,2174.0,5788.0,분식,8,318,4,3,4,4
128,연안식당,179,238.0,149,2,49191.0,1326.0,12737.0,한식,8,1472,1,3,2,5
129,꼬지사께,33,165.0,152,12,10932.0,630.0,5589.0,주점,16,134,3,3,2,3
130,혼밥대왕,18,165.0,151,158,35211.0,3635.0,7735.0,한식,5,195,5,3,5,4
131,불스떡볶이,1,165.0,150,30,20260.0,1529.0,3410.0,분식,7,44,5,3,4,2
132,바르다김선생,22,231.0,147,24,34219.0,2075.0,14804.0,분식,9,90,2,3,3,3
133,샤브향,4,181.0,148,2,44957.0,508.0,25360.0,기타 외식,6,448,3,3,1,5
134,본스치킨,27,165.0,148,1,8130.0,461.0,9070.0,치킨,8,59,3,3,3,3
135,현대옥,39,132.0,146,10,34657.0,855.0,11700.0,한식,14,352,5,3,3,5
136,오븐마루,18,143.0,147,18,19207.0,863.0,5170.0,치킨,8,198,4,3,4,4
137,백채,7,231.0,145,14,21050.0,1520.0,4686.0,한식,9,286,3,3,4,4
141,맛닭꼬,13,165.0,145,14,25812.0,1307.0,6585.0,치킨,10,15,4,3,3,2
142,준코노래타운,44,192.0,34,0,40287.0,428.0,24750.0,주점,17,-403,1,3,2,1
143,충만치킨,10,176.0,142,16,19444.0,655.0,8717.0,치킨,9,14,2,3,1,2
144,도야족발보쌈,1,220.0,145,17,36145.0,1376.0,8030.0,한식,11,3,5,3,2,2
145,킹콩부대찌개,29,143.0,141,20,27540.0,886.0,10230.0,한식,13,241,3,3,4,4
146,못난이꽈배기,16,206.0,141,23,11617.0,1105.0,4049.0,제과제빵,8,40,4,3,3,2
147,뉴욕핫도그앤커피,7,242.0,141,38,2039.0,301.0,6878.0,패스트푸드,7,-110,1,3,2,1
148,주식회사포차천국,26,143.0,141,51,24102.0,833.0,8626.0,주점,10,18,5,3,3,2
149,한신포차,281,148.0,140,18,82677.0,1334.0,15626.0,한식,29,78,4,3,4,3
150,디디치킨(DD치킨),19,240.0,140,4,13052.0,1060.0,3855.0,치킨,9,134,2,3,2,3
151,설동궁찜닭,14,143.0,138,50,26255.0,962.0,5700.0,한식,5,143,5,3,5,4
152,이비가짬뽕,42,165.0,133,11,54921.0,1065.0,11755.0,중식,12,75,3,3,4,3
153,목우촌참피자,50,150.0,139,16,2762.0,139.0,4193.0,피자,17,88,2,3,3,3
154,짝태&노가리,6,110.0,138,23,12164.0,662.0,3370.0,주점,8,11,3,3,2,2
156,흥부찜닭,233,165.0,132,56,5011.0,1203.0,8475.0,한식,33,647,1,3,2,5
157,역전우동0410,281,201.0,135,26,35327.0,2253.0,8819.0,분식,29,78,4,3,4,3
158,카페051(cafe051),3,198.0,132,73,19073.0,1760.0,5910.0,커피,2,-489,5,3,4,1
159,수내닭꼬치,33,143.0,133,23,8501.0,525.0,5094.0,기타 외식,7,207,3,3,2,4
160,만랩커피,26,220.0,129,35,15392.0,824.0,8790.0,커피,8,279,4,3,4,4
161,대구반야월막창,6,105.0,130,10,16772.0,658.0,5610.0,기타 외식,12,24,4,3,3,2
165,청담동말자싸롱,19,286.0,129,8,10447.0,2094.0,5640.0,기타 외식,10,116,2,3,2,3
166,명인만두,42,198.0,127,20,12443.0,762.0,12745.0,분식,18,420,2,3,2,5
167,홍춘천,19,198.0,128,14,12346.0,617.0,11760.0,한식,17,162,1,3,2,4
168,코리안바베큐,8,187.0,127,4,11774.0,541.0,7100.0,치킨,21,1373,3,3,2,5
169,텐퍼센트스페셜티커피,13,209.0,126,94,18118.0,1628.0,7185.0,커피,10,136,4,3,5,3
170,더치앤빈,19,190.0,126,17,12934.0,263.0,6288.0,커피,8,243,4,3,0,4
171,박가부대,301,165.0,124,5,21817.0,785.0,10799.0,한식,25,57,3,3,4,3
172,와플칸,3,165.0,121,121,13809.0,1299.0,4205.0,기타 외식,3,153,3,3,0,4
173,호세야오리바베큐,10,162.0,121,37,4160.0,372.0,7480.0,한식,10,239,4,3,4,4
174,새마을식당,281,275.0,116,16,51785.0,1191.0,8134.0,한식,29,78,4,3,4,3
175,이춘봉인생치킨,14,143.0,118,62,11767.0,575.0,4873.0,치킨,8,53,5,3,5,3
176,청자다방,13,256.0,117,22,12366.0,678.0,7001.0,커피,5,-236,1,3,5,1
177,황금코다리,11,165.0,117,18,48771.0,756.0,14690.0,한식,7,680,1,3,3,5
178,난타5000피자,12,165.0,116,2,11584.0,919.0,6570.0,피자,10,71,4,3,3,3
179,캠토토스트,4,231.0,115,16,1752.0,149.0,4301.0,기타 외식,13,341,2,3,3,4
180,포메인,23,335.0,113,4,37764.0,961.0,18595.0,기타 외식,17,17,4,3,3,2
181,맛깔참죽,13,165.0,115,10,12551.0,1113.0,6315.0,한식,24,284,3,3,2,4
182,신포우리만두,68,165.0,114,7,33821.0,1251.0,12716.0,분식,29,114,3,3,3,3
183,을찌로국물떡볶이,8,165.0,114,124,13234.0,945.0,3717.0,분식,6,33484,3,3,4,5
184,달리는커피,12,132.0,114,71,14117.0,962.0,3256.0,커피,3,-710,2,3,0,1
185,쿡1015,19,165.0,113,16,17357.0,1404.0,6118.0,기타 외식,8,42,4,3,3,2
186,한촌설렁탕,100,176.0,110,20,45843.0,979.0,14910.0,한식,17,563,2,3,3,5
187,곱창고,8,165.0,111,5,23547.0,950.0,5175.0,기타 외식,7,154,5,3,3,4
188,뚱스밥버거,23,165.0,110,8,5087.0,541.0,3762.0,분식,8,-142,1,3,0,1
189,어사출또,42,165.0,110,18,63239.0,1156.0,14893.0,기타 외식,7,234,3,3,3,4
190,쿠우쿠우,19,175.0,110,2,173036.0,911.0,82200.0,일식,11,2,3,3,1,2
191,송사부수제쌀고로케,0,275.0,103,44,31400.0,4869.0,6405.0,제과제빵,5,186,5,3,2,4
192,곤지암할매소머리국밥,13,143.0,109,34,13803.0,441.0,4930.0,한식,25,74,5,3,4,3
193,라화쿵부,33,165.0,103,13,20806.0,859.0,7925.0,중식,8,102,4,3,1,3
194,둘둘치킨,15,165.0,108,3,3905.0,234.0,6580.0,치킨,26,82,3,3,2,3
195,청춘감성쌀핫도그,12,235.0,108,4,3522.0,412.0,3400.0,기타 외식,7,27,2,3,1,2
196,그라찌에,13,220.0,52,2,5092.0,225.0,6770.0,기타 외식,20,127,2,3,1,3
197,웰덤치킨,39,165.0,107,38,10605.0,678.0,3455.0,패스트푸드,16,328,2,3,2,4
198,라무진,9,381.0,107,9,31846.0,1766.0,8370.0,기타 외식,9,12,4,3,3,2
199,오마뎅,22,385.0,105,23,12030.0,1331.0,7925.0,분식,6,73,5,3,4,3
200,커피온리,15,192.0,104,6,13982.0,1824.0,7207.0,커피,7,633,1,3,1,5
201,만두여행,31,165.0,105,114,5448.0,973.0,6217.0,분식,7,459,4,3,5,5
202,아비꼬,83,330.0,88,8,35910.0,1491.0,12290.0,기타 외식,13,701,2,3,2,5
203,커피니(COFFEENIE),19,250.0,87,1,13808.0,418.0,8800.0,커피,14,-131,1,3,2,1
204,선비꼬마김밥,23,187.0,101,39,20966.0,1950.0,5551.0,분식,5,68,5,3,5,3
205,라라코스트(raracost),20,231.0,98,6,65872.0,675.0,19010.0,기타 외식,5,112,4,3,3,3
206,토마토김밥,14,198.0,102,3,40089.0,2911.0,6129.0,분식,11,515,3,3,3,5
207,콩심,19,162.0,102,11,40521.0,1466.0,9155.0,기타 외식,8,209,3,3,1,4
208,다사랑,39,176.0,101,2,34878.0,727.0,14170.0,치킨,17,7,4,3,3,2
209,마리웨일237,188,220.0,87,5,10221.0,965.0,9245.0,제과제빵,15,2212,1,3,2,5
210,육쌈냉면,14,176.0,99,1,38647.0,1352.0,16728.0,한식,10,29,5,3,2,2
211,순수치킨,8,198.0,99,44,19298.0,1289.0,4270.0,기타 외식,8,-147,1,3,3,1
212,진이찬방,31,209.0,99,33,20094.0,1559.0,6290.0,한식,11,211,3,3,4,4
213,혜화동돈까스극장,8,165.0,98,21,7157.0,515.0,4169.0,기타 외식,3,69,5,3,1,3
214,전골의법칙,14,110.0,98,97,6832.0,322.0,850.0,한식,9,121,4,3,4,3
215,계동치킨,5,137.0,98,6,2768.0,158.0,3960.0,치킨,19,355,3,3,3,5
216,배부장찌개,12,165.0,97,14,28585.0,1268.0,6085.0,한식,5,28,4,3,2,2
217,수유리우동집,10,211.0,94,12,20678.0,1206.0,6600.0,분식,8,75,2,3,3,3
218,뉴욕버거,8,209.0,92,22,20087.0,899.0,10205.0,패스트푸드,14,1175,3,3,3,5
219,막창도둑,11,120.0,95,41,27950.0,745.0,6722.0,기타 외식,7,157,5,3,5,4
220,"오늘,와인한잔",27,165.0,91,23,42142.0,1385.0,13727.0,주점,6,92,5,3,3,3
221,배터지는생동까스,9,198.0,94,14,11868.0,960.0,4610.0,일식,14,100,4,3,4,3
225,미스터브리즈커피,18,192.0,92,6,6206.0,393.0,5115.0,기타 외식,12,-179,1,3,1,1
226,조선화로집,193,170.0,82,30,81858.0,741.0,12850.0,한식,23,-640,1,3,1,1
227,오가다,66,198.0,82,13,8308.0,388.0,14210.0,음료 (커피 외),13,270,2,3,2,4
228,두뽂스,27,143.0,92,83,4244.0,228.0,4210.0,한식,8,406,3,3,2,5
229,서가앤쿡,30,165.0,81,4,67763.0,732.0,20460.0,서양식,12,13,2,3,2,2
230,곱분이곱창,13,165.0,90,53,44349.0,2523.0,5874.0,한식,7,17,5,3,5,2
231,토마토도시락,12,181.0,89,8,27659.0,2233.0,6155.0,기타 외식,13,359,3,3,2,5
232,네오피자,9,44.0,90,12,24553.0,1332.0,3257.0,피자,6,339,4,3,3,4
233,맛찬들왕소금구이,28,268.0,89,7,89556.0,1223.0,18250.0,한식,10,40,4,3,3,2
234,장충동왕족발보쌈,143,133.0,89,7,9801.0,530.0,4970.0,한식,22,156,4,3,4,4
238,디에떼에스프레소,9,355.0,89,5,3767.0,134.0,11800.0,커피,12,406,2,3,4,5
239,닥엔돈스,12,132.0,89,37,18661.0,1001.0,3235.0,기타 외식,6,263,5,3,5,4
240,쌀통닭,8,180.0,87,11,16169.0,1042.0,6500.0,치킨,9,547,4,3,3,5
241,박군치킨,9,165.0,88,10,12019.0,865.0,7020.0,치킨,9,186,3,3,3,4
242,올떡,10,165.0,87,13,6900.0,616.0,3689.0,분식,7,3,2,3,1,2
243,불막열삼,23,176.0,88,21,19628.0,802.0,7415.0,한식,6,298,4,3,5,4
244,버무리떡볶이,17,159.0,87,9,16368.0,1626.0,5613.0,분식,12,156,3,3,3,4
245,더착한커피,8,198.0,87,0,12846.0,637.0,8180.0,커피,12,932,3,3,1,5
247,브롱스(BRONX),25,160.0,85,18,17171.0,583.0,9470.0,기타 외식,9,-159,1,3,2,1
248,인생닭강정,2,143.0,86,86,23908.0,2630.0,4159.0,치킨,3,3,2,3,0,2
249,카페게이트,56,268.0,83,20,16590.0,1420.0,6448.0,커피,14,83,3,3,2,3
250,군자대한곱창,27,165.0,85,60,71516.0,2181.0,10890.0,기타 외식,4,98,5,3,5,3
251,THE진국,54,154.0,83,15,35753.0,1268.0,10355.0,한식,12,142,4,3,3,4
252,미쳐버린파닭,16,96.0,84,10,9357.0,477.0,2810.0,치킨,8,113,4,3,3,3
253,땡큐맘치킨,25,143.0,84,4,14458.0,940.0,5881.0,치킨,8,506,3,3,4,5
257,비턴,4,143.0,83,4,11726.0,308.0,9055.0,주점,12,5,2,3,2,2
258,오븐에빠진닭,37,165.0,83,5,19040.0,594.0,10659.0,치킨,22,15,4,3,3,2
259,만복국수집,8,220.0,83,13,24675.0,1080.0,5930.0,주점,14,76,4,3,4,3
260,등뼈가,32,198.0,82,7,12884.0,258.0,8400.0,한식,5,125,5,3,3,3
261,이바돔감자탕,193,165.0,78,4,48402.0,446.0,24480.0,한식,23,-640,1,3,1,1
262,보고싶다,24,187.0,82,14,32233.0,752.0,12931.0,기타 외식,5,108,4,3,1,3
266,79대포,16,143.0,81,23,17781.0,806.0,6932.0,주점,7,5,5,3,4,2
267,비스트로피자,17,220.0,81,44,28871.0,2297.0,6207.0,패스트푸드,4,126,5,3,5,3
268,아마스빈코리아,27,220.0,79,18,19812.0,1801.0,6660.0,음료 (커피 외),8,163,2,3,2,4
269,카페루앤비,5,165.0,81,14,5636.0,356.0,5349.0,커피,9,414,3,3,3,5
270,스쿨푸드,251,165.0,65,13,74896.0,2759.0,17230.0,분식,16,414,2,3,3,5
271,스시노백쉐프(스시노BackChef),4,220.0,79,3,35270.0,1070.0,50880.0,일식,9,-405,1,3,0,1
272,하루엔소쿠,19,170.0,81,19,21757.0,1053.0,10712.0,일식,7,394,3,3,3,5
274,치킨의민족,14,154.0,81,60,8203.0,537.0,5090.0,치킨,5,-153,1,3,2,1
275,유가네한우곰탕,11,165.0,80,30,7509.0,237.0,17770.0,한식,6,93,4,3,2,3
276,소담촌,18,18.0,78,8,69189.0,678.0,5156.0,기타 외식,9,413,3,3,2,5
277,짚신매운갈비찜,18,137.0,80,12,40417.0,1765.0,7982.0,한식,12,186,2,3,4,4
278,1943,29,209.0,79,35,97424.0,1250.0,23400.0,기타 외식,5,11,5,3,5,2
279,생활커피,4,144.0,80,47,12748.0,1034.0,8234.0,커피,10,179,4,3,3,4
280,할머니가래떡볶이,27,143.0,79,81,6537.0,430.0,4210.0,분식,8,406,3,3,2,5
281,컬투치킨,13,180.0,79,17,14943.0,649.0,4357.0,치킨,13,-758,2,3,2,1
282,김복남맥주,9,146.0,78,46,16802.0,661.0,5095.0,주점,5,155,5,3,4,4
283,생생돈까스,14,165.0,79,14,22149.0,575.0,4095.0,분식,20,53,3,3,3,3
284,뚱보집,12,293.0,78,6,24681.0,1052.0,7252.0,기타 외식,5,65,2,3,4,3
285,마시그래이,13,275.0,76,10,11652.0,942.0,6270.0,커피,9,77,4,3,4,3
286,무지개맥주,9,176.0,78,46,31259.0,944.0,8965.0,주점,8,74,4,3,4,3
287,우쿠야,15,220.0,76,20,18891.0,788.0,9527.0,기타 외식,4,154,2,3,5,4
288,대동집,16,209.0,76,27,44438.0,1446.0,10230.0,한식,11,3,5,3,4,2
289,로띠번,20,220.0,76,7,10223.0,1004.0,9492.0,제과제빵,11,195,3,3,2,4
290,굴세상,2,10.0,75,2,24977.0,672.0,4763.0,기타 외식,9,21,3,3,3,2
291,북창동순두부,74,154.0,61,1,39301.0,1022.0,11720.0,한식,17,117,3,3,3,3
292,퀴즈노스서브,20,242.0,68,11,24222.0,1302.0,15304.0,패스트푸드,18,130,3,3,2,3
293,스트릿츄러스,54,492.0,71,20,14858.0,1574.0,8096.0,제과제빵,9,545,2,3,2,5
294,맛나감자탕,9,165.0,75,5,46936.0,564.0,15990.0,한식,15,181,3,3,3,4
295,고피자(GOPIZZA),106,226.0,66,36,22194.0,1328.0,9580.0,피자,6,128,1,3,4,3
296,오봉도시락,65,242.0,73,5,11644.0,961.0,4950.0,한식,17,1292,2,3,3,5
297,종로맥가,10,165.0,72,2,14225.0,475.0,4809.0,기타 외식,8,39,3,3,2,2
298,일차돌,21,165.0,74,19,28476.0,885.0,7150.0,한식,14,25,4,3,2,2
299,경아두마리치킨,13,120.0,74,29,14951.0,997.0,2810.0,치킨,21,59,3,3,3,3
300,통큰갈비,12,143.0,74,21,32233.0,678.0,10357.0,기타 외식,7,67,5,3,4,3
301,청담이상,13,258.0,71,7,58087.0,844.0,21945.0,주점,11,41,2,3,1,2
302,곱창이야기,16,165.0,73,7,29177.0,1491.0,9910.0,한식,10,152,4,3,2,4
303,무쏘,4,166.0,73,29,30838.0,620.0,8940.0,한식,6,145,3,3,5,4
304,한스델리,10,150.0,72,1,20045.0,520.0,9300.0,기타 외식,20,185,3,3,2,4
305,에그셀런트,25,550.0,71,46,18554.0,1910.0,11795.0,패스트푸드,8,39,5,3,5,2
306,정통집,9,165.0,66,19,30930.0,1573.0,6844.0,한식,5,97,4,3,4,3
307,니뽕내뽕,51,209.0,67,6,37130.0,1405.0,9058.0,기타 외식,11,72,3,3,2,3
308,남다른감자탕(男다른감子탕),30,154.0,71,10,57141.0,790.0,17371.0,한식,17,740,3,3,3,5
309,지정환피자,8,165.0,71,1,15174.0,991.0,6200.0,패스트푸드,18,23,3,3,3,2
310,지호한방삼계탕,32,154.0,70,6,35134.0,755.0,11220.0,한식,18,59,4,3,3,3
311,손큰할매순대국,10,154.0,70,10,27613.0,1005.0,9130.0,한식,9,191,2,3,1,4
312,옥탑방오봉자싸롱,4,220.0,70,1,10695.0,573.0,5199.0,주점,9,3,2,3,1,2
313,임실N치즈피자,3,180.0,70,2,6634.0,229.0,10224.0,피자,18,6953,3,3,1,5
314,남가네설악추어탕,17,154.0,69,9,26272.0,601.0,12239.0,기타 외식,21,32,4,3,3,2
318,어벤더치커피,15,198.0,69,26,13404.0,951.0,8915.0,커피,8,312,3,3,3,4
319,무꼬뭐꼬떡볶이,25,165.0,68,30,4655.0,295.0,4630.0,분식,10,109,5,3,5,3
320,미스터빠삭,20,198.0,67,30,24083.0,1307.0,7820.0,기타 외식,5,392,4,3,5,5
321,카페글렌,6,220.0,68,3,6942.0,295.0,8484.0,커피,14,158,4,3,3,4
322,빨봉분식,12,176.0,67,7,14037.0,586.0,6564.0,기타 외식,10,351,2,3,2,5
323,롤링파스타,281,173.0,66,48,71666.0,1493.0,13390.0,서양식,29,78,4,3,4,3
324,빚은,3060,645.0,52,3,14767.0,963.0,17725.0,기타 외식,55,290,2,3,3,4
325,방일해장국,9,165.0,67,0,19858.0,471.0,8860.0,한식,17,42,3,3,2,2
326,아주커,8,137.0,67,12,23433.0,2404.0,3230.0,치킨,25,13,4,3,3,2
327,지지고(GGGO),17,176.0,67,9,9956.0,1342.0,3697.0,분식,4,-220,1,3,4,1
328,짝태패밀리,3,154.0,66,0,11818.0,762.0,3500.0,주점,9,127,4,3,1,3
329,장미맨숀,5,110.0,65,65,34258.0,893.0,9690.0,주점,3,83,5,3,0,3
330,치킨678,17,220.0,66,0,15674.0,939.0,11798.0,치킨,16,58,1,3,2,3
331,고집센그집갈비탕,8,121.0,66,9,39062.0,1158.0,7414.0,한식,4,-300,5,3,5,1
332,치교치킨,35,100.0,66,79,1414.0,41.0,3563.0,치킨,6,979,1,3,3,5
333,33떡볶이,5,187.0,66,31,24291.0,2203.0,5099.0,기타 외식,3,5349,3,3,0,5
334,나드리김밥,7,228.0,62,16,18488.0,1183.0,6845.0,기타 외식,10,-250,1,3,2,1
335,전설의치킨,13,165.0,66,16,18586.0,1156.0,5095.0,치킨,5,56,4,3,3,3
336,"고기,원칙",9,141.0,66,20,44075.0,1252.0,8877.0,한식,7,87,1,3,2,3
337,스테프핫도그,37,253.0,55,15,9366.0,1339.0,9291.0,패스트푸드,24,21,2,3,2,2
338,양계장집아들,1,198.0,65,12,15560.0,977.0,6253.0,치킨,7,-162,1,3,2,1
339,오땅비어,14,174.0,65,10,12366.0,920.0,4961.0,주점,7,283,4,3,0,4
343,파파이스,48,200.0,54,1,30469.0,859.0,21482.0,패스트푸드,30,-452,1,3,2,1
344,순남시래기,14,176.0,65,4,31197.0,843.0,11330.0,기타 외식,8,6,2,3,3,2
345,한방전주콩나물국밥,19,132.0,63,5,31706.0,962.0,9650.0,한식,11,200,3,3,4,4
346,베러댄와플,9,175.0,63,10,11504.0,1368.0,5600.0,커피,6,-777,3,3,2,1
347,샌드리아,15,198.0,64,17,7420.0,439.0,12010.0,기타 외식,15,1277,2,3,3,5
348,참이맛감자탕,44,154.0,62,5,41058.0,880.0,11850.0,한식,18,131,3,3,3,3
349,엘리팝,33,176.0,63,8,15423.0,399.0,7493.0,주점,16,134,3,3,2,3
350,종로김밥,8,165.0,63,2,31561.0,2034.0,5000.0,기타 외식,17,402,3,3,2,5
351,8800켄터키치킨,8,130.0,63,6,17902.0,860.0,3280.0,치킨,13,67,4,3,3,3
352,홍탕,9,132.0,62,20,2552.0,235.0,3960.0,중식,11,198,4,3,5,4
353,배달삼겹직구삼,11,121.0,61,19,35598.0,8511.0,3630.0,한식,6,172,4,3,2,4
354,봉이치킨,8,165.0,62,21,8526.0,323.0,2530.0,치킨,6,211,3,3,3,4
355,육수당,30,165.0,60,24,18961.0,765.0,10525.0,한식,49,63,2,3,1,3
356,브라운돈까스,6,165.0,60,9,18257.0,805.0,7912.0,기타 외식,7,-249,1,3,3,1
357,김영희강남동태찜,25,160.0,60,0,21054.0,518.0,10400.0,기타 외식,19,53,2,3,3,3
358,범프리카인생치킨,8,165.0,60,13,27880.0,1832.0,4790.0,치킨,3,32,5,3,0,2
359,경성주막1929,39,187.0,59,5,33189.0,803.0,9815.0,주점,10,139,4,3,3,3
360,짬뽕지존,3,198.0,59,9,116979.0,1822.0,15125.0,중식,8,29,5,3,3,2
361,명동찌개마을,25,73.0,59,4,39224.0,1284.0,4950.0,기타 외식,11,2,3,3,1,2
362,송주불냉면앤칼국수,8,110.0,58,16,30125.0,1606.0,4335.0,한식,6,41,5,3,4,2
363,홍대개미,144,242.0,37,3,50674.0,1672.0,15686.0,기타 외식,7,33,3,3,2,2
364,노군꼬치,11,176.0,58,9,19077.0,969.0,6770.0,기타 외식,7,115,4,3,3,3
365,5.5닭갈비,12,154.0,58,1,5665.0,148.0,7470.0,한식,16,32,2,3,3,2
366,Emoi(에머이),33,330.0,54,1,37309.0,895.0,15003.0,기타 외국식,8,50,3,3,1,2
367,용구비어,10,176.0,57,0,9697.0,529.0,6699.0,주점,9,13138,1,3,1,5
368,누리마을감자탕,14,143.0,57,1,26926.0,270.0,17130.0,한식,12,65,3,3,2,3
369,알리바바(ALIBABA),12,350.0,55,25,6455.0,346.0,14370.0,커피,7,-204,2,3,4,1
370,피굽남피자,2,198.0,57,39,13637.0,905.0,5148.0,피자,5,74,5,3,2,3
371,아임일리터,16,220.0,52,12,24090.0,840.0,7960.0,커피,4,286,4,3,4,4
372,생선지존진땡이,11,165.0,54,15,31246.0,698.0,8748.0,한식,15,171,4,3,3,4
373,바빈스,22,247.0,56,11,12647.0,615.0,6900.0,커피,21,71,3,3,4,3
374,정선생,10,187.0,56,3,22447.0,837.0,10230.0,주점,17,487,1,2,1,5
375,롤링핀,61,297.0,53,9,50383.0,1038.0,31195.0,제과제빵,10,141,2,3,2,4
376,버거앤프라이즈(Burger&Friez),15,176.0,54,30,24518.0,1359.0,8330.0,기타 외식,7,69,4,3,5,3
377,킹콩쥬스엔커피,4,195.0,55,4,2753.0,377.0,5392.0,음료 (커피 외),7,-398,1,3,1,1
378,옥이네김치찌개와직화삼겹,14,77.0,55,18,2043.0,189.0,2874.0,한식,4,-702,5,3,4,1
379,투사랑,1,240.0,55,2,4576.0,310.0,2545.0,주점,17,0,4,3,2,2
380,반달커피,8,220.0,53,51,13020.0,1072.0,6355.0,커피,3,112,5,3,0,3
381,돈까스클럽,42,220.0,54,0,65941.0,833.0,24095.0,서양식,14,47,2,3,2,2
382,나뚜루(Natuur),4350,363.0,52,8,10022.0,1192.0,12495.0,아이스크림/빙수,6,91,3,3,3,3
383,허갈닭강정,5,50.0,54,6,5641.0,507.0,1820.0,치킨,5,1169,3,3,2,5
384,밥맛나는세상,202,194.0,54,3,20429.0,1428.0,6462.0,분식,32,212,3,3,3,4
385,만땅치킨,2,165.0,54,17,8141.0,690.0,3665.0,치킨,4,184,3,3,1,4
386,피자빙고,2,187.0,54,1,2629.0,198.0,5637.0,피자,18,546,4,3,4,5
387,오늘통닭,14,150.0,54,27,12016.0,477.0,6020.0,치킨,14,139,3,3,2,3
388,김영희동태찜&코다리냉면,25,160.0,54,19,24003.0,647.0,10400.0,한식,19,53,2,3,3,3
389,빨라쪼델프레도,38,385.0,48,15,7511.0,589.0,11300.0,아이스크림/빙수,21,1992,1,3,2,5
390,킹스타피자,3,176.0,54,8,15990.0,1261.0,5480.0,피자,8,-111,1,3,3,1
391,가르텐호프앤레스트,10,165.0,53,2,12751.0,335.0,11875.0,주점,4,-3629,2,3,5,1
395,국제통닭,11,121.0,53,26,19309.0,1021.0,4306.0,치킨,4,94,5,3,5,3
399,토시래,12,198.0,53,0,36640.0,1192.0,14500.0,기타 외식,13,25,2,3,1,2
400,김순덕원조부안집,12,165.0,52,43,39396.0,51083.0,8310.0,한식,4,166,5,3,5,4
401,오떡,9,132.0,52,23,15125.0,957.0,5440.0,분식,7,175,3,3,2,4
402,백스비어,281,159.0,51,28,32400.0,615.0,8135.0,주점,29,78,4,3,4,3
403,마시내탕수육짜장,6,176.0,52,25,3230.0,166.0,6425.0,중식,11,756,3,3,3,5
404,못말리는파닭,2,198.0,52,0,17539.0,1281.0,4590.0,치킨,18,972,5,3,1,5
405,닭장수후라이드和,8,165.0,51,20,20978.0,1293.0,3342.0,치킨,4,390,1,3,5,5
406,징기스,20,187.0,51,0,50804.0,1592.0,10103.0,기타 외식,10,8,4,3,1,2
407,목우촌웰빙마을,72,121.0,51,2,41743.0,1625.0,10757.0,기타 외식,17,86,3,3,4,3
408,포베이(PhoBay),15,300.0,49,3,29080.0,860.0,17800.0,기타 외식,21,226,2,3,2,4
409,블럭제빵소,9,209.0,49,3,13739.0,1212.0,7914.0,제과제빵,6,87,3,3,3,3
410,김밥일번지,36,198.0,46,2,36145.0,1371.0,9676.0,분식,8,239,3,3,2,4
411,구구족,10,209.0,50,51,79202.0,8787.0,5780.0,한식,3,-466,1,3,0,1
412,오사카부루스,7,161.0,50,1,28182.0,622.0,5819.0,주점,7,54,5,3,4,3
413,세광양대창,21,300.0,49,43,101812.0,2080.0,20140.0,기타 외식,7,117,4,3,4,3
414,국대떡볶이,8,352.0,50,0,14992.0,1651.0,6982.0,분식,6,-133,1,3,5,1
415,굿맘할매순대국&양선지해장국,29,132.0,49,5,29322.0,1237.0,6521.0,한식,7,229,3,3,2,4
416,우가양평해장국,25,120.0,49,8,25830.0,455.0,7096.0,한식,17,268,2,3,4,4
417,명동칼국수샤브샤브,7,150.0,48,8,26160.0,675.0,11550.0,한식,17,29,2,3,1,2
418,커피나무,42,220.0,46,4,16604.0,490.0,10200.0,커피,9,-2194,1,3,2,1
419,싸다김밥,17,290.0,40,18,66111.0,2791.0,10200.0,분식,17,-1158,5,3,4,1
420,한옥마을전주비빔밥,9,184.0,42,4,16526.0,1772.0,11385.0,한식,7,279,2,3,1,4
421,미카도스시,17,198.0,48,18,57638.0,2138.0,13150.0,일식,7,435,4,3,5,5
422,브이에프씨치킨파티(VFC치킨파티),1,11.0,47,5,6533.0,526.0,1355.0,치킨,12,-332,4,3,1,1
423,히노아지,80,200.0,35,7,19984.0,1075.0,7560.0,일식,21,84,4,3,3,3
424,제육대가,2,55.0,45,45,26317.0,2407.0,2695.0,기타 외식,4,59,5,3,0,3
425,촌댁맥주,4,150.0,47,18,25266.0,605.0,6680.0,주점,3,21,5,3,0,2
426,순곱이네,4,187.0,34,11,17032.0,710.0,6448.0,기타 외식,7,88,3,3,4,3
427,잭아저씨족발&보쌈,6,143.0,48,8,40679.0,1839.0,5935.0,한식,5,38,4,3,3,2
428,비어캐빈,13,181.0,48,0,22375.0,735.0,10550.0,주점,22,-120,5,2,2,1
429,핵밥,17,198.0,46,46,26172.0,1716.0,8083.0,기타 외국식,7,196,3,3,2,4
430,신룽푸마라탕,14,132.0,42,1,24825.0,853.0,6863.0,중식,4,371,4,3,4,5
431,비엔나커피하우스,25,220.0,43,4,20567.0,372.0,16760.0,커피,10,344,2,3,2,5
432,참치라이더,12,143.0,46,37,21098.0,971.0,5689.0,기타 외식,5,982,3,3,4,5
433,인기명,27,187.0,41,7,47639.0,1184.0,11465.0,기타 외식,8,26,3,3,3,2
434,정아니의불타는여고24시떡볶이,5,165.0,46,29,23040.0,1179.0,5505.0,분식,3,1881,2,3,3,5
438,쏭스클럽핫도그,5,187.0,46,6,5197.0,484.0,4950.0,기타 외식,9,2730,2,3,2,5
439,다가치통닭,7,200.0,46,46,12878.0,949.0,4395.0,치킨,4,489,2,3,5,5
440,오복미역,5,231.0,46,1,42087.0,824.0,17275.0,한식,8,25,4,3,1,2
441,수피자,6,88.0,46,4,15331.0,1151.0,3630.0,피자,7,60,3,3,4,3
442,황기순의칼국수&돈까스,11,150.0,45,7,13044.0,706.0,7205.0,분식,11,273,2,3,2,4
443,예향정,6,155.0,46,8,35128.0,766.0,16200.0,한식,5,54,2,3,4,3
444,옛날장터치킨,4,110.0,45,0,7200.0,520.0,2839.0,치킨,11,1,3,3,2,2
445,한마음정육식당,39,165.0,46,13,46918.0,957.0,12573.0,한식,7,158,4,3,4,4
446,이동규인왔따쪽갈비,6,220.0,43,10,27933.0,2162.0,5910.0,한식,4,152,5,3,5,4
447,피제이(PJ)피자,6,143.0,44,26,30765.0,2233.0,5997.0,피자,17,58,4,3,4,3
448,바보스,17,165.0,45,2,3173.0,165.0,7084.0,치킨,10,247,3,3,2,4
449,자갈치브라더스,11,121.0,45,36,8919.0,549.0,3630.0,주점,4,512,5,3,5,5
450,국밥여행,9,110.0,45,19,6061.0,223.0,3015.0,한식,5,-168,1,3,5,1
451,흑화당,24,170.0,44,2,14783.0,787.0,7054.0,음료 (커피 외),4,-410,1,3,1,1
452,홍베이팡,0,330.0,45,10,3085.0,383.0,4325.0,제과제빵,5,83,3,3,1,3
453,카페원플러스원,3,187.0,45,1,6363.0,197.0,9095.0,커피,11,347,2,3,2,5
454,한가네숯불닭갈비,9,150.0,45,4,35780.0,1216.0,850.0,한식,10,8,3,3,2,2
455,망원동티라미수,33,220.0,42,40,20656.0,1016.0,9133.0,제과제빵,6,531,4,3,5,5
456,추오정,7,176.0,44,4,56264.0,726.0,21780.0,기타 외식,8,17,4,3,3,2
457,터치카페,8,550.0,42,5,4033.0,510.0,7150.0,커피,9,79,2,3,1,3
458,샤브마니아,2,165.0,44,28,87838.0,1373.0,13390.0,한식,8,209,5,3,4,4
459,달콤한닭강정,31,176.0,44,5,5362.0,453.0,1916.0,치킨,13,-240,1,3,1,1
463,에이바우트커피,33,275.0,42,17,42242.0,463.0,43900.0,커피,6,-4456,2,3,4,1
464,이웃집소녀떡볶이,2,190.0,43,2,16506.0,972.0,8840.0,분식,10,436,4,3,2,5
465,금화왕돈까스,16,131.0,44,34,49526.0,1039.0,10527.0,한식,6,1204,3,3,5,5
466,요달의찜닭,4,143.0,44,26,28138.0,1240.0,5082.0,한식,3,39,5,3,0,2
467,브레댄코(bread&co.DAILY-NEW),33,330.0,42,4,28499.0,1556.0,10460.0,제과제빵,42,-264,2,3,1,1
468,봉구통닭,24,176.0,42,21,20134.0,825.0,11033.0,치킨,5,108,4,3,1,3
469,아오리의행방불명,13,275.0,41,26,123888.0,2877.0,15520.0,일식,6,116,5,3,5,3
470,텀브커피,5,165.0,40,4,7893.0,570.0,7865.0,커피,7,267,3,3,2,4
471,화포식당,15,165.0,44,1,950.0,22.0,10450.0,기타 외식,7,130,2,3,2,3
472,착한쭝식,9,165.0,44,23,43675.0,1379.0,9836.0,중식,6,142,5,3,0,4
473,모모스테이크,39,176.0,43,2,27040.0,907.0,7900.0,서양식,15,123,2,3,1,3
474,700비어,8,176.0,43,1,14163.0,361.0,12951.0,주점,15,120,3,3,1,3
475,정성찬,15,165.0,41,12,30172.0,1701.0,8990.0,기타 외식,5,225,3,3,4,4
476,탐나종합어시장,7,154.0,43,29,139219.0,2758.0,10989.0,일식,5,975,4,3,5,5
477,오춘자비어,5,249.0,43,0,10094.0,496.0,6133.0,주점,9,53,4,3,2,3
478,돌배기집,281,165.0,42,7,59456.0,59456.0,10765.0,한식,29,78,4,3,4,3
479,가락동리어카포차,16,166.0,43,35,14110.0,14110.0,12235.0,주점,8,3276,1,3,1,5
480,김명자낙지마당,7,121.0,43,8,40528.0,1036.0,8495.0,한식,14,27,3,3,2,2
481,대마족발,2,150.0,42,14,32563.0,1168.0,6780.0,한식,9,89,4,3,4,3
482,맵도리탕,15,130.0,42,9,17807.0,1133.0,4454.0,한식,5,176,3,3,4,4
483,홍희통닭,9,110.0,42,5,3488.0,182.0,3366.0,치킨,11,-867,1,3,1,1
484,계경순대국,6,121.0,42,16,14121.0,723.0,5715.0,한식,8,942,3,3,3,5
486,할매손충무김밥,2,132.0,32,11,16187.0,1404.0,6160.0,분식,4,-189,1,3,0,1
487,계림원누릉지통닭구이,11,183.0,41,6,21065.0,744.0,9305.0,치킨,4,97,5,3,5,3
488,틈새라면,3,198.0,42,2,7431.0,741.0,4172.0,분식,11,161,3,3,2,4
489,화로상회,12,132.0,42,17,50152.0,1142.0,6985.0,기타 외식,6,91,5,3,5,3
490,커피명가,20,275.0,36,3,18239.0,406.0,19860.0,커피,19,140,3,3,3,4
491,빵장수단팥빵,55,220.0,36,2,22887.0,1198.0,10650.0,제과제빵,8,243,3,3,2,4
492,도이첸,16,275.0,36,7,9730.0,557.0,14855.0,패스트푸드,13,8758,1,3,1,5
493,교동면옥,26,19.0,42,7,94138.0,1066.0,27815.0,한식,7,783,3,3,4,5
494,사보텐,1133,500.0,2,0,12853.0,291.0,32520.0,일식,14,1498,1,3,2,5
495,타코비카페,6,38.0,40,25,8235.0,988.0,7283.0,음료 (커피 외),16,416,4,3,4,5
496,정직유부,13,225.0,42,29,26891.0,1978.0,6364.0,한식,4,73,5,3,5,3
497,그램그램,3,214.0,42,0,22251.0,482.0,16960.0,기타 외식,21,58,4,3,1,3
498,아리가또맘마,9,173.0,40,3,17485.0,898.0,5931.0,기타 외국식,7,19,2,3,2,2
499,커피사피엔스,2,176.0,40,29,13595.0,1536.0,6990.0,커피,3,232,2,3,0,4
500,아틀리에빈,13,220.0,41,2,13279.0,345.0,7980.0,커피,7,36,3,3,2,2
501,용호동낙지,44,184.0,38,8,47173.0,1158.0,14650.0,기타 외식,7,843,2,3,2,5
503,기소야,18,220.0,36,1,11586.0,304.0,16840.0,일식,34,93,2,3,2,3
504,승승,16,220.0,41,9,23881.0,663.0,13865.0,기타 외식,4,167,5,3,5,4
505,리얼펍,13,214.0,41,5,11966.0,415.0,9099.0,주점,9,2623,1,3,1,5
506,꼼보포차,3,176.0,39,5,27335.0,1282.0,5885.0,주점,9,18,3,3,2,2
510,아리스타,60,253.0,33,0,14810.0,1388.0,8932.0,커피,12,182,1,3,5,4
511,치킨퐁,10,176.0,20,2,17280.0,508.0,10346.0,치킨,4,-3629,2,3,5,1
512,쌈촌,6,158.0,40,1,24730.0,412.0,16280.0,기타 외국식,12,201,3,3,2,4
513,춘향골남원추어탕,16,165.0,40,1,37974.0,894.0,11973.0,한식,16,60,2,3,3,3
514,진미대왕통닭,1,132.0,38,8,16999.0,1363.0,3930.0,치킨,4,31,5,3,5,2
515,철인7호,22,165.0,40,21,22697.0,753.0,6965.0,치킨,5,514,3,3,4,5
516,샤브쌈주머니,8,154.0,39,4,46313.0,509.0,8750.0,한식,5,7,4,3,2,2
517,샤브보트,87,176.0,37,6,31852.0,1431.0,9453.0,한식,18,56,2,3,2,3
518,아이씨지(ICG),36,143.0,39,20,18621.0,1406.0,3510.0,치킨,16,183,3,3,3,4
519,개성집,6,170.0,39,3,32864.0,498.0,10230.0,기타 외식,9,1265,3,3,2,5
520,육장갈비,9,165.0,39,7,23679.0,492.0,12590.0,기타 외식,18,44,3,3,1,2
521,대구우야지막창,9,165.0,39,1,24286.0,653.0,8220.0,기타 외식,9,52,3,3,2,2
522,북촌삼대갈비,2,176.0,39,36,26548.0,648.0,7656.0,한식,15,-203,1,3,1,1
523,임창정의모서리족발,4,275.0,38,23,19501.0,772.0,7176.0,한식,6,-527,5,3,2,1
524,동원참치,923,220.0,39,1,53711.0,789.0,12825.0,일식,54,166,3,3,3,4
525,주민상회,9,198.0,39,1,15571.0,838.0,5610.0,주점,8,74,4,3,4,3
526,불난술집,8,150.0,39,10,19499.0,676.0,5915.0,기타 외식,6,69,1,3,1,3
527,19티(TEA),13,440.0,37,3,6822.0,545.0,6495.0,음료 (커피 외),16,112,4,3,1,3
528,길동우동,7,209.0,38,22,43741.0,2238.0,8175.0,기타 외식,6,436,4,3,4,5
529,명태어장,5,143.0,38,10,40952.0,1012.0,9130.0,한식,4,124,5,3,5,3
530,한모둠,17,173.0,38,0,30058.0,691.0,13009.0,한식,21,32,4,3,3,2
531,인정국물떡볶이,4,137.0,38,4,16647.0,1350.0,3983.0,분식,8,67,5,3,3,3
535,시루향기,5,176.0,38,0,28803.0,232.0,11265.0,한식,16,2743,2,3,1,5
536,달봉비어,3,187.0,38,0,14134.0,824.0,3905.0,주점,9,8,5,3,1,2
537,엉터리생고기,10,143.0,38,0,51191.0,1038.0,18870.0,기타 외식,12,28,3,3,2,2
539,풍국면,10,220.0,28,6,33516.0,1043.0,15300.0,기타 외식,7,-1038,1,3,2,1
540,내담대구탕해물갈비찜,9,143.0,38,4,6204.0,170.0,5335.0,한식,11,107,3,3,2,3
541,존슨부대찌개,6,148.0,38,5,15668.0,1687.0,7910.0,한식,8,58,3,3,2,3
542,김형제고기의철학,7,176.0,38,11,75773.0,1491.0,11170.0,한식,5,375,4,3,4,5
543,오부장치킨,4,140.0,37,3,17884.0,1032.0,2910.0,치킨,6,9,4,3,3,2
544,노걸대,16,110.0,37,5,23660.0,521.0,8205.0,한식,12,179,3,3,1,4
546,미사리밀빛초계국수,6,165.0,31,8,36115.0,753.0,8270.0,한식,11,128,3,3,2,3
547,혼밥대장,14,220.0,37,19,12778.0,960.0,11630.0,한식,5,159,4,3,4,4
548,팔팔핫도그,13,220.0,37,1,1438.0,170.0,2570.0,패스트푸드,7,646,2,3,4,5
549,스푼필라프,8,132.0,36,9,9041.0,1136.0,3850.0,서양식,7,215,4,3,4,4
550,도쿄라멘,6,165.0,37,4,8108.0,496.0,4963.0,일식,8,-120,1,3,1,1
551,화통삼,11,132.0,37,0,33411.0,860.0,9045.0,한식,11,151,1,3,1,4
555,마라하오,6,220.0,35,34,37843.0,5007.0,4370.0,중식,5,-3063,4,3,5,1
556,한나식빵,13,242.0,36,25,18013.0,1215.0,7925.0,제과제빵,6,1218,3,3,5,5
557,하늘보리피자,5,165.0,37,1,8067.0,702.0,5830.0,기타 외식,13,-122,5,3,3,1
558,동경야시장,25,198.0,36,1,24168.0,654.0,7956.0,주점,8,39,5,3,5,2
559,카페코지,4,275.0,36,35,6136.0,523.0,4940.0,커피,4,60,4,3,5,3
560,미정국수0410,281,201.0,35,10,35386.0,2258.0,8887.0,분식,29,78,4,3,4,3
561,치킨아이,6,115.0,36,0,14672.0,1274.0,2000.0,치킨,13,35,5,3,3,2
562,아딸,5,209.0,35,9,8397.0,762.0,8340.0,분식,15,56,1,3,2,3
564,포차고고(포차어게인),17,180.0,36,1,19694.0,461.0,8050.0,주점,17,309,3,3,2,4
565,아벡데프리츠,3,156.0,34,4,4322.0,367.0,4435.0,주점,12,53,4,3,2,3
566,라떼떼,15,158.0,36,14,4467.0,224.0,9610.0,커피,15,1277,2,3,3,5
567,갈비냉면,6,165.0,36,25,2538.0,196.0,3694.0,한식,5,20,5,3,4,2
568,보돌미역,8,187.0,36,7,39231.0,877.0,13755.0,기타 외식,3,9,4,3,0,2
569,산쪼메,12,198.0,35,3,21000.0,1217.0,10405.0,기타 외식,10,783,2,3,1,5
570,미쓰족발,24,165.0,35,2,30257.0,924.0,10282.0,기타 외식,10,89,5,3,1,3
571,카페일루이스,12,300.0,36,3,4680.0,229.0,20070.0,커피,14,5053,2,3,2,5
572,화화,22,132.0,36,4,47283.0,682.0,11428.0,기타 외식,11,270,3,3,2,4
573,피자플래넷,1,66.0,36,34,27940.0,2257.0,4247.0,서양식,3,130,5,3,0,3
574,구이구이쪽갈비,14,110.0,36,8,29783.0,4070.0,5050.0,한식,11,251,3,3,3,4
575,아이벗치킨,7,165.0,36,9,14019.0,1078.0,3610.0,치킨,9,347,5,3,4,5
576,통파이브,41,188.0,36,1,17059.0,516.0,8931.0,주점,8,115,4,3,4,3
577,베러먼데이,19,180.0,34,18,10852.0,642.0,6300.0,커피,5,722,4,3,5,5
578,한스(HANS),79,564.0,35,3,55190.0,1307.0,32740.0,제과제빵,13,229,4,3,4,4
579,날쌘카페,7,181.0,34,26,12605.0,1023.0,4510.0,커피,5,-742,3,3,5,1
583,파스토보이(pastoboy),37,165.0,35,16,20683.0,876.0,5007.0,서양식,5,754,4,3,5,5
587,지랄닭발,12,242.0,35,9,36847.0,2307.0,5830.0,치킨,4,98,5,3,5,3
591,갈통삼,17,159.0,35,1,14113.0,794.0,3675.0,한식,5,202,4,3,5,4
592,쌀똑핫도그,4,220.0,35,12,11144.0,1192.0,2970.0,제과제빵,6,253,3,3,3,4
593,놀부옛날통닭,233,165.0,33,9,6798.0,2266.0,6993.0,치킨,33,647,1,3,2,5
597,만년닭강정,9,55.0,35,12,23102.0,1519.0,5105.0,치킨,5,173,4,3,2,4
601,코코이찌방야,5295,157.0,13,1,26978.0,1017.0,8745.0,서양식,58,26,3,3,4,2
602,월남선생,4,176.0,35,0,7047.0,542.0,6184.0,기타 외식,7,269,1,3,1,4
603,미태리,7,198.0,35,14,32662.0,2079.0,9115.0,서양식,8,1734,5,3,1,5
604,열정분식소,9,180.0,35,4,19878.0,1140.0,7370.0,분식,5,281,4,3,5,4
605,모로미,19,275.0,35,4,25948.0,906.0,21180.0,주점,14,42,3,3,2,2
606,수철이네왕새우튀김,10,165.0,35,4,18506.0,1196.0,5223.0,분식,7,-558,1,3,2,1
607,본초맘죽,12,179.0,35,28,5629.0,464.0,3393.0,한식,16,297,4,3,4,4
608,보스턴오뎅,8,176.0,35,13,13362.0,780.0,11190.0,주점,8,168,4,3,2,4
609,문토스트,7,220.0,28,23,28822.0,1734.0,7780.0,기타 외식,6,537,5,3,3,5
610,왕빈자전통주막,18,110.0,34,18,20315.0,1175.0,4710.0,주점,5,317,4,3,4,4
611,교동전선생,2,180.0,34,0,31793.0,1050.0,9150.0,한식,13,-184,1,3,4,1
612,선술집모로미식당,51,220.0,34,15,20185.0,915.0,8570.0,기타 외식,14,90,2,3,4,3
613,정가대박집,6,165.0,34,0,45128.0,438.0,21540.0,한식,11,1,3,3,1,2
614,마성떡볶이,14,220.0,31,15,15132.0,1440.0,8130.0,분식,7,243,4,3,5,4
615,79네수육국밥,25,165.0,32,4,48710.0,923.0,11060.0,기타 외식,9,69,4,3,3,3
616,홍대돈부리,7,220.0,31,4,27217.0,1310.0,9625.0,일식,12,151,1,3,2,4
617,큰통치킨,6,110.0,34,1,5102.0,347.0,2222.0,치킨,12,0,4,3,1,1
619,돈까스짱,17,165.0,34,24,29693.0,2969.0,4534.0,기타 외식,4,211,5,3,5,4
620,쌀쌀맞은닭,13,157.0,34,7,13472.0,597.0,8584.0,치킨,15,126,4,3,4,3
621,1인용,10,110.0,33,16,25363.0,2046.0,4215.0,기타 외식,8,278,3,3,5,5
622,카페두다트,12,242.0,32,8,21102.0,478.0,18540.0,제과제빵,9,-320,1,3,1,1
623,멘야마쯔리,6,176.0,34,29,30554.0,1514.0,6160.0,일식,5,219,3,3,5,4
624,심할머니안흥찐빵만두,2,440.0,33,9,13016.0,1003.0,7345.0,분식,7,4,5,3,5,2
625,밥장인돼지찌개,6,176.0,33,11,18417.0,889.0,5690.0,한식,8,229,3,3,2,4
626,파파도나스,5,400.0,33,25,14497.0,1356.0,5900.0,제과제빵,3,125,5,3,0,3
630,쉐프밥버거,1,185.0,33,0,11152.0,971.0,3837.0,패스트푸드,8,299,5,3,5,4
631,크라상점,5,220.0,33,24,18480.0,438.0,6770.0,제과제빵,4,106,5,3,5,3
635,내가진짜떡볶이다,7,176.0,33,11,31079.0,7578.0,5010.0,분식,3,-3946,2,3,0,1
639,달구지막창,54,73.0,33,2,10788.0,464.0,3270.0,기타 외식,15,201,3,3,3,4
640,강남교자,10,150.0,26,5,28508.0,1197.0,14030.0,기타 외식,8,-16647,2,3,2,1
644,일계양득,18,187.0,33,33,3403.0,207.0,7195.0,기타 외식,5,761,2,3,4,5
648,아리랑수제핫도그,38,264.0,27,3,5389.0,602.0,4370.0,제과제빵,9,-563,1,3,2,1
649,천안옛날호두과자,3,143.0,33,4,21900.0,572.0,6525.0,제과제빵,15,260,4,3,3,4
650,와라와라,6,220.0,27,0,46047.0,703.0,20220.0,주점,17,34,2,3,2,2
651,본초불닭발,12,143.0,33,7,4136.0,363.0,4335.0,치킨,16,297,4,3,4,4
652,두리아,4,145.0,33,6,11982.0,593.0,6349.0,치킨,5,6777,3,3,2,5
653,누들보쌈배달만족,10,165.0,33,42,18925.0,788.0,5348.0,한식,4,524,4,3,5,5
654,셰프리푸드트럭,14,198.0,29,12,28259.0,4192.0,3668.0,서양식,8,255,3,3,4,4
655,인디오븐,5,330.0,32,2,36909.0,2865.0,8780.0,제과제빵,8,233,2,3,1,4
656,명동할머니국수,3,165.0,31,2,15463.0,996.0,6898.0,분식,11,227,3,3,1,4
657,브런치앤다이닝37.5(Brunch&Dining37.5),6,220.0,30,12,45288.0,1145.0,11558.0,기타 외식,8,383,4,3,5,5
658,숙달돼지,0,168.0,31,3,42319.0,908.0,13010.0,기타 외식,6,979,1,3,3,5
659,돈오락쪽갈비,15,165.0,32,7,31470.0,1593.0,8585.0,한식,8,154,4,3,4,4
660,토대력,16,202.0,32,1,18525.0,945.0,6008.0,주점,35,126,5,3,4,3
661,육첩반상,16,198.0,11,3,35734.0,1503.0,11102.0,한식,8,280,4,3,3,4
662,떡담,12,150.0,30,0,26063.0,1081.0,12702.0,한식,14,246,2,3,1,4
663,핫브레드,17,210.0,20,12,41286.0,5024.0,17820.0,제과제빵,10,223,4,3,3,4
664,두꺼비로멘스,7,16.0,32,13,24975.0,626.0,5819.0,주점,7,54,5,3,4,3
665,미각양꼬치,5,165.0,32,0,14269.0,404.0,8220.0,기타 외국식,7,80,3,3,1,3
666,수유리혼밥왕,14,143.0,32,32,14625.0,829.0,3528.0,한식,8,53,5,3,5,3
667,토끼정,11,170.0,23,2,62408.0,972.0,17230.0,일식,8,12,2,3,2,2
671,얼큰이찌개마을,2,143.0,31,3,31029.0,1347.0,5588.0,기타 외식,14,28,5,3,1,2
672,맘스케익,4,157.0,31,4,8922.0,561.0,6745.0,제과제빵,4,-420,2,3,4,1
676,남도분식,15,200.0,12,11,23.0,1.0,10810.0,분식,6,763,2,3,3,5
677,야미가,3,248.0,31,7,39441.0,2116.0,6624.0,일식,6,266,4,3,4,4
678,카페아이엠티,8,242.0,28,3,15809.0,760.0,15480.0,커피,12,232,3,3,4,4
679,호떡당,8,306.0,30,9,6015.0,642.0,4168.0,분식,6,386,3,3,5,5
683,도둑고기,11,150.0,31,7,55610.0,1368.0,10115.0,한식,11,151,1,3,1,4
684,메콩타이,8,236.0,31,0,49330.0,1061.0,13521.0,기타 외국식,11,652,3,3,2,5
688,원당감자탕,3,154.0,31,3,18381.0,469.0,9100.0,기타 외식,19,-130,5,3,0,1
692,빨간모자피자,19,201.0,19,0,24567.0,1474.0,8018.0,피자,12,-374,1,3,3,1
694,베이크팡,17,385.0,29,4,14654.0,1404.0,8021.0,제과제빵,8,-482,1,3,1,1
695,홍대칼국수와족발,26,165.0,30,8,30816.0,1200.0,11390.0,한식,9,170,3,3,3,4
696,비에뜨반미,10,18.0,27,11,7074.0,546.0,4356.0,기타 외식,6,-307,1,3,4,1
697,굴마을낙지촌,15,143.0,30,4,32797.0,1043.0,8921.0,한식,11,287,3,3,2,4
698,육회본가,2,146.0,30,7,21366.0,1024.0,4950.0,한식,6,26,5,3,4,2
699,종로계림닭도리탕원조,10,165.0,30,20,30625.0,1267.0,2013.0,기타 외식,3,231,2,3,4,4
700,사이공본가,0,176.0,30,16,21281.0,1135.0,6226.0,기타 외국식,4,93,5,3,5,3
701,빅쭌부대찌개,13,165.0,19,2,24351.0,663.0,9295.0,기타 외식,5,835,2,3,2,5
702,명랑한찜닭,3,198.0,30,23,10011.0,567.0,6635.0,치킨,5,-133,1,3,4,1
703,더만족,1,165.0,30,2,18051.0,472.0,10190.0,한식,13,67,5,3,3,3
704,동경에서먹었던규동,2,220.0,27,9,19525.0,1556.0,6350.0,일식,3,337,4,3,0,4
705,빨간망토,23,165.0,29,32,12440.0,326.0,10615.0,분식,8,-142,1,3,0,1
706,매스커피,20,330.0,28,2,16873.0,947.0,12050.0,음료 (커피 외),10,472,3,3,3,5
707,새벽을여는시장사람들,10,176.0,30,0,42320.0,941.0,14835.0,주점,11,273,2,3,3,4
708,부엉이돈가스,4,209.0,28,4,34118.0,1214.0,22583.0,기타 외식,8,514,2,3,3,5
709,아재불닭발,10,66.0,30,18,21903.0,1405.0,2113.0,기타 외식,4,62,3,3,5,3
710,몬스터커피,2,220.0,30,9,19046.0,1676.0,5615.0,커피,4,55,5,3,5,3
711,리춘시장,281,170.0,28,23,55431.0,1219.0,12872.0,중식,29,78,4,3,4,3
712,에그박스,6,160.0,30,30,12221.0,1061.0,5750.0,기타 외식,8,-121,4,3,3,1
713,달봉치킨,11,165.0,30,11,14104.0,774.0,4070.0,치킨,6,4559,4,3,4,5
714,미분당,12,403.0,27,10,36641.0,2558.0,10092.0,기타 외국식,5,384,4,3,4,5
715,콩불,8,154.0,29,3,18585.0,705.0,7025.0,한식,13,184,2,3,1,4
719,족장,5,150.0,28,7,29608.0,1453.0,10130.0,한식,11,-149,4,3,4,1
720,스시웨이,2,159.0,29,9,34753.0,1168.0,10562.0,일식,11,26,2,3,2,2
724,배달돼지,2,165.0,29,6,20250.0,1820.0,4592.0,기타 외식,7,101,4,3,1,3
725,엔칙스치킨,8,440.0,28,22,16621.0,954.0,9000.0,치킨,4,-199,1,3,5,1
729,대식가2900,2,187.0,28,28,11003.0,376.0,10750.0,한식,5,116,5,3,4,3
730,빵사부식빵공방,2,220.0,29,2,16575.0,345.0,6955.0,제과제빵,4,-2996,1,3,1,1
731,떼루와,4,220.0,29,1,10192.0,977.0,5910.0,기타 외식,8,26,2,3,1,2
732,디초콜릿커피앤드,742,150.0,11,0,15081.0,477.0,8500.0,커피,18,120,2,3,3,3
733,따띠삼겹,8,210.0,27,16,24354.0,2673.0,3098.0,한식,4,355,4,3,4,5
734,탭플레이(TAPLAY),18,210.0,27,3,7299.0,591.0,6490.0,커피,8,-117,1,3,1,1
735,고기싸롱,10,176.0,28,28,82736.0,1936.0,11765.0,한식,11,133,3,3,4,3
736,모로미쿠시,51,198.0,28,4,22801.0,1454.0,9800.0,주점,14,90,4,3,4,3
737,맵꼬만명태,3,120.0,27,3,20645.0,737.0,6100.0,한식,20,148,4,3,1,4
738,신떡,2,143.0,28,1,10392.0,821.0,3939.0,분식,18,38,2,3,2,2
739,바보형제쭈꾸미,12,165.0,20,0,38095.0,517.0,15795.0,한식,9,11,3,3,2,2
740,하루비어,10,137.0,26,7,20378.0,718.0,9592.0,주점,7,331,2,3,2,4
741,무봤나촌닭,18,140.0,28,6,27967.0,1055.0,7701.0,치킨,12,4,3,3,2,2
742,목구멍,6,198.0,28,16,52142.0,1699.0,11055.0,한식,4,28,5,3,5,2
743,대동국수,16,253.0,28,0,20101.0,843.0,19360.0,한식,11,3,5,3,4,2
744,뽕잎사랑샤브칼국수보쌈냉면,10,120.0,28,2,30940.0,694.0,12357.0,기타 외식,18,159,2,3,2,4
745,크앙분식,14,132.0,28,24,10033.0,661.0,5635.0,분식,5,159,4,3,4,4
746,두드림치킨,6,165.0,28,3,17282.0,525.0,3810.0,치킨,10,143,4,3,1,4
747,깐깐한족발,9,165.0,28,5,110556.0,3202.0,9960.0,기타 외식,7,40,5,3,4,2
748,상문이두마리숯불양념치킨,4,110.0,27,4,13300.0,651.0,2855.0,치킨,17,755,4,3,2,5
749,허니빈스(HoneyBean's),5,253.0,22,4,8020.0,322.0,14140.0,커피,11,106,4,3,2,3
750,피자이탈리,6,220.0,28,28,31422.0,1994.0,5280.0,피자,3,426,4,3,5,5
751,아이러브피자,4,143.0,28,1,10614.0,929.0,4600.0,피자,8,276,3,3,3,4
752,방가네소고기국밥수육,12,143.0,28,26,5727.0,241.0,5984.0,한식,16,297,4,3,4,4
753,광명대창집,26,143.0,28,25,57086.0,2552.0,10015.0,기타 외식,7,292,4,3,5,4
754,곤트란쉐리에,91,275.0,20,3,70172.0,1071.0,31050.0,제과제빵,9,-783,1,3,1,1
755,앗싸곱창,4,165.0,28,2,24569.0,1476.0,3775.0,기타 외식,18,28,4,3,4,2
756,노가리슈퍼,4,198.0,27,5,20366.0,1264.0,6437.0,주점,7,52,3,3,3,3
757,툴스돈카츠,2,165.0,28,20,14426.0,593.0,6562.0,기타 외식,11,151,5,3,5,4
758,통달배,5,165.0,28,24,10797.0,722.0,2912.0,한식,5,-170,1,3,2,1
759,주커피,2,220.0,27,0,11383.0,218.0,23765.0,커피,11,-407,1,3,1,1
763,곽만근갈비탕,7,176.0,27,3,57816.0,992.0,16604.0,한식,9,482,3,3,1,5
767,한뚝수육국밥,6,132.0,27,3,45041.0,1120.0,7770.0,한식,5,365,3,3,3,5
771,델리커리(DELHICURRY),26,220.0,22,8,23601.0,727.0,13665.0,기타 외식,8,25908,1,3,3,5
775,치킨선생,8,132.0,27,9,18549.0,1752.0,3764.0,치킨,3,272,4,3,0,4
776,얌스,16,187.0,27,2,31488.0,1942.0,5635.0,기타 외식,9,299,3,3,3,4
777,무공돈까스,17,176.0,27,26,47011.0,1839.0,9174.0,분식,4,-455,1,3,0,1
778,승승삼겹,1,220.0,27,9,21732.0,725.0,12030.0,기타 외식,10,593,3,3,2,5
779,유케야,2,198.0,27,11,23881.0,1092.0,10450.0,한식,5,26,5,3,2,2
780,마미쿡,19,198.0,27,19,6442.0,461.0,11860.0,패스트푸드,17,162,1,3,2,4
781,베트남노상식당,15,220.0,26,4,20583.0,818.0,5898.0,기타 외국식,8,302,3,3,2,4
782,국대후라이드치킨,8,281.0,26,26,10393.0,868.0,5680.0,치킨,6,-133,1,3,5,1
783,샤이바나,48,220.0,24,17,29223.0,926.0,16360.0,서양식,17,225,1,3,1,4
784,팬도로시,18,300.0,13,0,6165.0,168.0,13370.0,커피,12,-1037,2,3,1,1
785,도스마스,8,220.0,26,1,7842.0,413.0,6800.0,기타 외국식,11,248,3,3,1,4
786,봉대박스파게티,4,176.0,27,0,16776.0,480.0,14165.0,서양식,10,-210,4,3,2,1
787,야들리애,11,176.0,26,5,15148.0,712.0,12422.0,치킨,15,143,3,3,3,4
788,태권치킨,5,198.0,27,11,17988.0,761.0,8505.0,치킨,4,307,4,3,5,4
789,브라더꽈배기,8,165.0,17,11,10740.0,1243.0,3520.0,분식,5,171,3,3,4,4
790,백년회관서서갈비,23,181.0,25,8,49535.0,767.0,22855.0,기타 외식,11,124,2,3,2,3
791,부대통령뚝배기,4,132.0,27,0,13812.0,681.0,5940.0,한식,5,104,4,3,2,3
792,전주남문조춘자토종피순대국,28,110.0,27,2,20533.0,557.0,7210.0,한식,10,434,1,3,4,5
793,미니펍,3,176.0,27,6,11118.0,699.0,6790.0,주점,10,-236,5,3,4,1
794,닥터쥬스(DR.JUICE),6,250.0,26,26,6212.0,742.0,4030.0,음료 (커피 외),10,-225,1,3,5,1
795,화덕구이족보통,13,176.0,27,21,11504.0,652.0,4473.0,한식,9,-265,4,3,4,1
796,25센치,6,165.0,25,12,25287.0,812.0,6930.0,일식,4,-225,1,3,4,1
797,단골손님,2,165.0,27,7,45530.0,719.0,1300.0,주점,4,104,5,3,3,3
806,포차끝판왕,8,165.0,27,0,101933.0,1051.0,16525.0,기타 외식,5,186,4,3,4,4
807,남도복국,5,165.0,24,13,30512.0,810.0,10422.0,한식,5,385,4,3,5,5
808,다기야,3,209.0,26,0,11712.0,374.0,11240.0,기타 외식,11,87,3,3,2,3
812,접시꽃보쌈,8,176.0,26,4,52880.0,1038.0,15353.0,한식,10,-311,1,3,1,1
816,타코비,6,120.0,23,2,8216.0,1111.0,4540.0,기타 외식,5,371,1,3,2,5
820,치킨89(치킨팔구),4,143.0,26,6,16284.0,1375.0,4065.0,치킨,8,152,3,3,4,4
824,킹스꼬마김밥,1,165.0,25,25,16930.0,1310.0,3792.0,분식,4,36,5,3,5,2
825,치킨삼파전,6,110.0,26,5,11215.0,728.0,2862.0,치킨,18,286,4,3,2,4
826,신만용신가네매운떡볶이,2,220.0,26,0,13244.0,766.0,7315.0,분식,10,5,5,3,3,2
827,백종원의원조쌈밥집,281,170.0,25,2,52988.0,1043.0,11712.0,한식,29,78,4,3,4,3
828,대독장,6,130.0,26,3,29103.0,1009.0,11110.0,한식,8,-146,1,3,2,1
848,멘무샤,14,231.0,26,2,20400.0,893.0,10390.0,기타 외식,20,90,2,3,1,3
849,도토리편백집,5,170.0,25,7,31684.0,854.0,16050.0,한식,6,-242,1,3,4,1
850,피치버'S,2,176.0,26,14,19229.0,991.0,3820.0,패스트푸드,5,84,5,3,4,3
851,미스터오징어,13,150.0,25,3,46258.0,1299.0,9850.0,한식,6,35,2,3,2,2
852,더베이크,14,550.0,22,11,17602.0,1064.0,10340.0,제과제빵,14,-180,1,3,2,1
853,백곱식당,2,165.0,26,22,43025.0,2206.0,7065.0,한식,4,38,5,3,5,2
854,피자2001,9,100.0,26,0,17412.0,780.0,4970.0,피자,10,-891,2,3,1,1
855,개념떡볶이,28,154.0,25,23,7908.0,635.0,4082.0,분식,9,263,3,3,3,4
856,강창구찹쌀진순대,15,154.0,23,0,43732.0,1051.0,9940.0,기타 외식,10,-168,2,3,5,1
857,고씨네,23,187.0,22,13,16994.0,841.0,8660.0,일식,8,-220,1,3,5,1
863,닐리,5,220.0,25,0,38382.0,1889.0,10560.0,서양식,14,196,3,3,3,4
867,해초과메기,2,165.0,25,1,3250.0,215.0,5513.0,기타 외식,6,10720,4,3,4,5
871,동춘돌곱창,6,165.0,25,24,11225.0,894.0,6715.0,한식,8,-1539,2,3,5,1
872,고돼지,8,121.0,25,15,37462.0,3051.0,4060.0,기타 외식,5,74,5,3,4,3
873,링코(RINKO),1,440.0,25,6,43180.0,456.0,51100.0,주점,7,1063,1,3,1,5
877,호아빈,14,227.0,25,3,26519.0,807.0,13315.0,기타 외국식,20,90,2,3,1,3
878,삼칠포차,2,132.0,25,12,27902.0,566.0,9075.0,주점,7,15,4,3,1,2
882,달봉감자,1,231.0,25,0,12000.0,809.0,5230.0,주점,10,3798,1,3,1,5
883,월남쌈김상사,8,165.0,25,1,35840.0,452.0,14895.0,기타 외식,14,29,4,3,2,2
884,케이엠엘리갤러리카페,6,220.0,25,8,13926.0,669.0,10450.0,커피,8,55,5,3,5,3
888,빈스킹토스트,3,33.0,25,4,5055.0,488.0,5555.0,제과제빵,5,32,4,3,2,2
892,밀회관,9,220.0,25,17,26844.0,1012.0,7673.0,주점,7,19,2,3,2,2
893,세광교대이층집,21,220.0,23,0,87251.0,1473.0,17100.0,기타 외식,7,117,4,3,4,3
894,이태리면가게,5,250.0,25,19,20111.0,1611.0,3300.0,서양식,4,424,3,3,5,5
895,베이글카페,3,198.0,22,7,7283.0,461.0,8230.0,제과제빵,8,-192,2,3,4,1
896,오정은A김밥,4,264.0,24,4,24512.0,1399.0,9471.0,분식,9,-371,3,3,2,1
897,카페플로린,3,473.0,24,0,9787.0,1030.0,9870.0,기타 외식,13,88,3,3,2,3
898,김봉남포장마차,2,176.0,17,7,23719.0,1016.0,7295.0,주점,12,-284,1,3,5,1
899,안심치킨,15,330.0,24,5,9111.0,450.0,10695.0,치킨,15,1277,2,3,3,5
900,모모야,19,154.0,18,8,23699.0,1562.0,7240.0,기타 외식,8,129,1,3,3,3
901,MH백년수갈비,24,165.0,24,8,24892.0,498.0,10950.0,기타 외식,9,130,4,3,1,3
902,햇살다이어트,14,253.0,24,0,20678.0,370.0,23100.0,치킨,18,52,2,3,1,2
906,코리안덕,2,99.0,24,0,2811.0,106.0,4774.0,기타 외식,13,3,5,3,1,2
907,온센,6,275.0,22,19,50610.0,2354.0,8770.0,일식,4,962,4,3,5,5
908,촌칭구짬뽕,2,99.0,24,0,20239.0,720.0,7265.0,중식,9,444,3,3,1,5
909,행컵,6,330.0,23,6,23158.0,2567.0,6050.0,분식,8,405,4,3,3,5
910,쫄탁,4,220.0,24,1,3373.0,278.0,3655.0,치킨,18,-430,3,3,2,1
911,삼송빵집,18,220.0,11,4,95452.0,2126.0,15140.0,제과제빵,8,327,3,3,4,4
912,저스트텐동,11,247.0,24,24,54573.0,2616.0,11305.0,일식,3,-377,1,3,0,1
913,123막창,18,132.0,22,6,27482.0,666.0,9350.0,한식,4,13,3,3,3,2
914,일공공샤브,8,187.0,23,8,36615.0,527.0,18540.0,기타 외국식,4,1090,2,3,5,5
918,만족오향족발,30,165.0,22,4,33206.0,1252.0,20595.0,한식,13,2214,3,3,1,5
919,맛나슈퍼,2,99.0,24,1,17638.0,610.0,4070.0,기타 외식,9,89,4,3,4,3
920,케리홈치킨,1,131.0,24,0,9125.0,935.0,3085.0,치킨,24,0,4,3,3,1
921,회장님댁,1,220.0,22,17,4312.0,232.0,13447.0,주점,7,1288,4,3,5,5
922,카페리빈,27,198.0,16,1,10416.0,437.0,7925.0,커피,30,1945,2,3,2,5
923,핵스테이크,17,198.0,17,3,20079.0,892.0,6350.0,기타 외국식,7,196,3,3,2,4
924,세븐치킨,3,143.0,23,15,13693.0,784.0,3685.0,치킨,4,0,5,3,5,2
925,소노야,18,187.0,22,4,13821.0,963.0,7155.0,일식,34,93,2,3,2,3
926,궁채,6,242.0,23,3,28982.0,987.0,20540.0,한식,4,329,4,3,0,4
927,삼대족발,6,150.0,21,12,52553.0,1201.0,9936.0,한식,3,365,3,3,0,5
928,치킨주막,6,130.0,23,0,11357.0,570.0,4950.0,치킨,11,111,3,3,2,3
929,94번가,6,154.0,22,1,18325.0,644.0,10945.0,치킨,9,251,2,3,1,4
930,밀숲,24,308.0,22,1,31499.0,1684.0,17189.0,기타 외식,10,250,3,3,3,4
934,고로케쿡,5,242.0,10,1,10330.0,1207.0,5380.0,제과제빵,13,596,3,3,3,5
935,삼백집,6,176.0,22,0,28945.0,785.0,18845.0,한식,14,2,4,3,1,2
936,찐분식,35,100.0,23,33,1422.0,39.0,3563.0,분식,6,979,1,3,1,5
937,후라이드바삭킹,5,143.0,23,13,18826.0,1498.0,3080.0,치킨,5,57,4,3,4,3
938,첨단돌솥감자탕,7,198.0,22,1,48603.0,1208.0,13315.0,한식,7,233,4,3,4,4
942,블레드,4,143.0,23,22,7366.0,373.0,3290.0,치킨,7,-150,1,3,1,1
943,본설렁탕,152,209.0,23,9,25667.0,1012.0,9240.0,한식,19,396,3,3,3,5
944,치킨이즈백,3,154.0,23,23,5776.0,210.0,4405.0,치킨,3,492,4,3,0,5
945,꼬꼬씨참숯불닭갈비,3,165.0,23,6,5546.0,215.0,7615.0,기타 외식,8,63,3,3,1,3
946,빈체로,16,150.0,22,1,32784.0,898.0,9140.0,서양식,10,75,4,3,3,3
947,미다래,10,275.0,22,3,5248.0,361.0,6490.0,한식,10,39,2,3,2,2
948,해두리치킨,4,120.0,23,6,22862.0,1146.0,3700.0,치킨,12,93,3,3,3,3
949,버들골이야기,3,132.0,23,0,29349.0,1442.0,15591.0,주점,16,-4129,2,3,1,1
950,눈물떡볶이,5,145.0,23,10,14956.0,1235.0,4753.0,분식,7,210,3,3,2,4
954,신기소,18,198.0,22,2,14895.0,536.0,13100.0,일식,34,93,2,3,2,3
955,조가네갑오징어,10,165.0,20,1,39811.0,879.0,11200.0,한식,9,112,3,3,4,3
956,유천냉면,4,220.0,22,4,23822.0,747.0,14478.0,기타 외식,13,67,2,3,4,3
960,곰작골나주곰탕,3,150.0,16,3,46972.0,1398.0,9680.0,한식,6,111,3,3,1,3
961,육전국밥,12,220.0,22,11,36191.0,1004.0,13475.0,한식,13,251,2,3,3,4
962,삼겹싸롱,9,143.0,22,0,50311.0,1175.0,9182.0,한식,11,24,4,3,2,2
966,탄탄면공방,52,297.0,14,4,24585.0,1658.0,11020.0,분식,8,69,1,3,1,3
970,경양카츠,18,247.0,22,17,51978.0,2296.0,11245.0,일식,4,277,5,3,5,4
971,착한막창,3,132.0,22,10,12476.0,329.0,5775.0,한식,4,240,5,3,4,4
972,화통치킨,3,143.0,22,0,7629.0,476.0,4985.0,치킨,9,42,4,3,0,2
976,원유로스페셜티커피,7,348.0,21,21,7069.0,573.0,8165.0,커피,3,165,5,3,0,4
977,멘야산다이메,5,242.0,22,4,51312.0,3056.0,13195.0,일식,7,-830,1,3,1,1
978,마라공방,8,187.0,22,22,32529.0,1352.0,9366.0,중식,4,149,4,3,0,4
979,외계인방앗간,15,250.0,22,5,31278.0,1620.0,14600.0,제과제빵,8,2654,1,3,1,5
980,주구장창석쇠불판,1,150.0,22,3,17066.0,1120.0,7195.0,한식,11,46,5,3,2,2
981,꽈배기친구들,7,132.0,22,12,8399.0,758.0,3763.0,제과제빵,5,985,5,3,5,5
982,피자빅,17,143.0,22,5,47448.0,2828.0,4555.0,피자,11,84,3,3,3,3
983,와촌식육식당,7,143.0,20,0,32687.0,753.0,11107.0,한식,7,1473,2,3,2,5
984,동서네낙지,7,88.0,21,3,29048.0,739.0,6658.0,한식,5,34,5,3,5,2
985,엉클부대찌개,4,154.0,22,3,21625.0,602.0,7305.0,기타 외식,7,233,2,3,3,4
986,모캄보,6,209.0,21,1,12752.0,234.0,15040.0,커피,7,242,4,3,2,4
987,제주애한판,4,99.0,22,7,40385.0,1012.0,9000.0,한식,12,241,3,3,3,4
988,테그42(TEgg.42),7,253.0,20,16,11318.0,831.0,8263.0,기타 외식,3,294,5,3,0,4
989,오롯이닭요리,29,143.0,22,27,10775.0,323.0,7895.0,기타 외식,9,111,2,3,3,3
990,로얄자카르타,5,165.0,22,5,20851.0,524.0,9055.0,주점,6,53,1,3,1,3
991,아메리칸에그샌드,12,660.0,15,7,15085.0,1401.0,8759.0,기타 외식,6,125,4,3,4,3
992,예다손,61,165.0,21,0,19909.0,1098.0,9855.0,기타 외식,16,53,3,3,4,3
993,피맥하우스,2,220.0,21,4,25941.0,1031.0,8560.0,피자,4,9,4,3,5,2
994,풍년제과,22,280.0,18,1,14410.0,889.0,11500.0,제과제빵,18,195,3,3,2,4
995,브라더오뎅,1,187.0,21,3,13331.0,878.0,4920.0,주점,8,98,5,3,3,3
999,맛젤치킨,17,110.0,21,0,25203.0,1560.0,3170.0,치킨,14,570,2,3,2,5
1003,손문대구막창갈매기살,5,165.0,21,1,8460.0,319.0,11407.0,한식,12,5,4,3,2,2
1007,별법동태탕왕해물찜,9,143.0,21,0,10980.0,334.0,5335.0,한식,11,107,3,3,2,3
1011,소풍경,3,198.0,21,20,22563.0,2051.0,5820.0,분식,5,1009,3,3,5,5
1012,발빠닭,4,165.0,21,9,19015.0,915.0,4325.0,한식,8,102,4,3,4,3
1016,여우愛,22,220.0,20,13,21222.0,1545.0,6240.0,분식,21,71,3,3,4,3
1020,하코야,381,198.0,19,0,17304.0,957.0,8472.0,일식,16,57,2,3,4,3
1021,포트리스,2,165.0,21,0,26378.0,1655.0,7680.0,기타 외국식,5,244,4,3,4,4
1025,애플김밥,8,187.0,21,0,23443.0,1206.0,6325.0,분식,12,291,4,3,3,4
1026,마포곱창,8,132.0,21,7,38899.0,1651.0,4700.0,주점,9,155,4,3,4,4
1027,마당쇠껍데기와소금구이,14,165.0,20,1,8050.0,370.0,5722.0,한식,15,17,2,3,2,2
1028,스노우마운틴,18,264.0,10,0,9306.0,381.0,13900.0,아이스크림/빙수,13,175,1,3,2,4
1029,서가원김밥,65,275.0,18,1,13625.0,851.0,6050.0,한식,17,1292,2,3,3,5
1030,金太郞,13,220.0,21,0,26059.0,927.0,13260.0,일식,7,205,3,3,2,4
1031,젠틀래빗,10,187.0,21,22,40310.0,822.0,18090.0,주점,14,129,4,3,4,3
1032,용가마순대,3,160.0,21,0,18303.0,494.0,4980.0,한식,17,231,2,3,5,4
1033,파-닭에파무쳐,14,55.0,21,0,21394.0,1395.0,2090.0,치킨,14,486,3,3,3,5
1034,뚱보집부산양대창,12,293.0,21,24,953.0,953.0,6952.0,기타 외식,5,65,2,3,4,3
1035,제이브이엘(JVL)부대찌개,28,181.0,12,4,2041.0,584.0,10537.0,한식,8,-203,1,3,2,1
1036,안성깍뚜기,8,154.0,21,6,38687.0,1254.0,8160.0,한식,4,95,5,3,5,3
1037,별난아재맥주,5,176.0,21,20,13059.0,636.0,6070.0,주점,6,515,2,3,3,5
1038,25카츠,27,198.0,20,2,30708.0,1423.0,8230.0,일식,11,-2841,2,3,5,1
1039,피자명,4,165.0,21,0,10009.0,689.0,6195.0,피자,7,0,2,3,1,1
1040,해피오네치킨,5,132.0,20,1,9206.0,657.0,2320.0,치킨,10,-344,1,3,1,1
1044,수준이다른몬스터떡볶이,5,132.0,20,23,9754.0,856.0,3050.0,분식,4,175,2,3,0,4
1045,갈매기먹짱,3,110.0,20,0,12111.0,452.0,7690.0,기타 외식,9,-237,1,3,1,1
1049,하나야끼,11,220.0,19,13,14097.0,2063.0,2970.0,일식,7,299,3,3,0,4
1053,오공복이,7,209.0,20,4,24096.0,1356.0,7562.0,기타 외식,6,962,1,3,2,5
1057,빠레뜨한남,20,165.0,18,13,60989.0,1918.0,10595.0,서양식,4,351,5,3,5,5
1058,뼈큰감자탕,15,171.0,20,6,34664.0,1868.0,16450.0,한식,9,465,3,3,4,5
1062,개구리반찬,15,165.0,13,2,11203.0,844.0,4930.0,기타 외식,9,755,1,3,2,5
1066,두리맛감자탕,3,132.0,20,1,46362.0,846.0,10970.0,한식,11,52,2,3,3,3
1070,김둘레순대국,37,187.0,15,2,45744.0,1642.0,7945.0,한식,9,25,4,3,3,2
1074,홍콩다방,1,240.0,20,18,18071.0,2056.0,8380.0,음료 (커피 외),3,30,2,3,0,2
1075,피자브라더스,10,110.0,20,6,30628.0,2253.0,4240.0,피자,7,321,2,3,4,4
1079,베브릿지,12,330.0,15,3,12420.0,651.0,11204.0,기타 외식,8,477,3,3,2,5
1080,남자피자,7,156.0,20,2,25392.0,2582.0,7280.0,피자,8,1455,3,3,3,5
1081,OB베어,5,170.0,20,2,12937.0,1010.0,4420.0,주점,9,89,4,3,1,3
1082,최군맥주,11,256.0,20,3,10337.0,723.0,6765.0,주점,10,194,2,3,1,4
1083,꿀닭,16,176.0,20,0,4749.0,580.0,5075.0,치킨,10,247,3,3,2,4
1084,성경만두요리전문점,5,154.0,20,1,29080.0,517.0,13925.0,한식,9,1088,2,3,2,5
1085,로라방앗간,6,198.0,20,5,18092.0,1592.0,4802.0,분식,7,-652,1,3,5,1
1086,공씨네주먹밥,14,253.0,18,0,4828.0,508.0,5738.0,분식,14,599,1,3,1,5
1087,플젠PLZEN,4,176.0,20,0,23164.0,651.0,9528.0,주점,17,61,1,3,1,3
1088,장패(JANGPAE),1,237.0,19,0,24161.0,663.0,12126.0,한식,11,72,4,3,1,3
1089,조코만삼겹떡볶이,1,110.0,17,8,14491.0,1344.0,2876.0,분식,7,151,5,3,4,4
1090,수맥집,3,180.0,20,5,11634.0,527.0,4100.0,주점,6,61,5,3,4,3
1091,샵도쿄시장,2,165.0,20,12,51551.0,1259.0,8460.0,주점,3,241,4,3,0,4
1092,내조국국밥,2,165.0,18,18,32442.0,879.0,11300.0,한식,3,433,4,3,0,5
1093,국가대패,10,165.0,20,16,36642.0,860.0,10442.0,한식,12,28,3,3,2,2
1094,갓튀긴후라이드,6,165.0,20,9,36398.0,2644.0,3455.0,치킨,3,121,5,3,0,3
1095,도쿄이찌바,11,385.0,16,9,49209.0,2147.0,20920.0,일식,12,49,3,3,2,2
1096,피자몰,5254,320.0,5,0,10624.0,559.0,52860.0,피자,4,217,1,3,3,4
1097,라밥,21,440.0,20,20,39229.0,2839.0,8310.0,분식,8,27,4,3,3,2
1098,고향옥얼큰순대국,2,165.0,19,4,65419.0,1809.0,11000.0,한식,7,41,5,3,3,2
1099,라공방,13,242.0,14,1,64688.0,1477.0,15020.0,중식,4,125,4,3,2,3
1100,또또닭강정,4,110.0,20,7,15190.0,1974.0,1720.0,치킨,5,92,4,3,3,3
1101,류길상피자,9,198.0,19,1,30197.0,1868.0,1630.0,서양식,3,131,4,3,0,3
1105,개정,4,280.0,19,4,56748.0,677.0,28300.0,한식,28,67,3,3,2,3
1106,컨트리맨즈,7,377.0,17,0,53996.0,705.0,36864.0,서양식,8,692,2,3,1,5
1107,남오토코,9,150.0,17,1,26344.0,859.0,11880.0,주점,12,70,4,3,1,3
1108,샌드프레소,2245,674.0,3,0,5264.0,220.0,15850.0,기타 외식,26,109,3,3,4,3
1109,정성한줄,4,220.0,19,3,47089.0,3196.0,6668.0,분식,8,183,4,3,3,4
1110,북문로떡볶이,3,165.0,19,1,7941.0,821.0,5268.0,분식,7,138,2,3,1,3
1111,덤덤덤쪽갈비,3,110.0,19,0,18175.0,582.0,7245.0,한식,6,12,5,3,1,2
1112,포차스미스,6,165.0,19,8,22148.0,709.0,9350.0,주점,5,-283,2,3,1,1
1113,오징어청춘,5,198.0,19,1,57061.0,1599.0,10780.0,기타 외식,10,-450,1,3,1,1
1114,대박통,2,220.0,16,1,21150.0,862.0,8541.0,한식,11,2,5,3,2,2
1115,리얼하노이,8,110.0,19,19,6457.0,435.0,3155.0,기타 외식,6,483,4,3,5,5
1116,키무카츠,3,275.0,19,3,17491.0,1074.0,15040.0,일식,6,191,3,3,1,4
1117,전준수명품청기와감자탕,4,220.0,19,1,57227.0,1612.0,11500.0,한식,8,19,5,3,3,2
1118,디초콜릿커피,774,269.0,16,1,19865.0,413.0,23660.0,커피,18,52,4,3,3,2
1119,남다른대구막창,4,165.0,19,1,17165.0,617.0,7252.0,한식,6,643,4,3,5,5
1120,징기스칸치킨,6,165.0,19,2,3592.0,278.0,2475.0,치킨,33,-122,2,3,2,1
1121,동양족발,4,220.0,19,27,13544.0,1305.0,4093.0,한식,5,33,5,3,0,2
1122,대관령양푼이동태찌개,6,165.0,19,0,18374.0,374.0,8949.0,한식,15,89,3,3,2,3
1123,씨드앤너츠,1,170.0,18,1,10902.0,1084.0,7270.0,기타 외식,9,363,2,3,1,5
1124,푸릴리,14,132.0,19,7,28413.0,441.0,7005.0,기타 외식,23,65,3,3,3,3
1125,길성이,11,187.0,19,1,30631.0,323.0,27712.0,한식,18,175,2,3,2,4
1126,벌집한판무한리필,10,154.0,19,23,46376.0,737.0,9479.0,한식,7,46,5,3,0,2
1127,닌자초밥,2,198.0,19,2,47850.0,2352.0,8780.0,일식,8,241,5,3,1,4
1128,파더스김밥,1,176.0,18,3,11775.0,594.0,6481.0,분식,10,107,4,3,3,3
1132,잇또라멘,3,165.0,18,1,4599.0,343.0,5195.0,분식,5,119,1,3,1,3
1133,훔친갈비,14,187.0,18,14,32468.0,499.0,11245.0,한식,11,231,3,3,4,4
1134,후쿠오카모츠나베,6,250.0,17,7,43624.0,1137.0,25350.0,기타 외식,8,-253,4,3,1,1
1135,찰스숯불김밥,8,187.0,17,1,15023.0,886.0,5600.0,분식,8,-592,2,3,2,1
1136,청진동해장국,3,82.0,18,0,14626.0,528.0,3520.0,한식,15,108,5,3,2,3
1140,라스타,10,330.0,18,6,7929.0,724.0,8460.0,분식,7,310,3,3,2,5
1141,루스트플레이스,33,275.0,17,5,79370.0,802.0,52280.0,서양식,6,-4456,2,3,4,1
1142,사랑담은묵은지찜찌개,2,77.0,18,3,13977.0,550.0,3740.0,한식,9,249,3,3,3,4
1143,만복한쭈꾸미낙지볶음,10,165.0,17,2,76055.0,1075.0,16010.0,한식,10,998,5,3,3,5
1144,에바돈가츠,9,165.0,18,18,20232.0,986.0,5902.0,기타 외식,8,299,1,3,3,4
1148,신복관,2,150.0,17,1,32514.0,1014.0,9100.0,기타 외식,9,203,5,3,2,4
1149,인생설렁탕,281,196.0,16,14,44557.0,1186.0,9529.0,한식,29,78,4,3,4,3
1150,린생사진관,22,187.0,16,16,30074.0,489.0,8880.0,주점,9,258,4,3,4,4
1151,마이카츠,22,198.0,18,6,24736.0,1310.0,7665.0,기타 외식,12,65,5,3,4,3
1152,요남자(YONAMJA),2,209.0,18,0,42615.0,544.0,31740.0,기타 외식,12,44,2,3,1,2
1153,쏘쏘맥주집,4,143.0,18,2,12212.0,769.0,2630.0,기타 외식,11,212,3,3,3,4
1154,아리아리닭강정,3,220.0,10,0,4717.0,714.0,5250.0,치킨,14,203,2,3,2,4
1155,소문난공주떡볶이,4,154.0,17,0,3235.0,306.0,5700.0,분식,10,44,4,3,4,2
1156,뚱뚱이할머니족발보쌈,7,159.0,18,0,23838.0,1099.0,12378.0,한식,10,77,3,3,2,3
1165,코다리밥상,9,220.0,18,3,66021.0,802.0,19610.0,한식,12,23,4,3,2,2
1166,조부자매운순대가,4,132.0,18,2,24161.0,772.0,5855.0,한식,15,172,5,3,4,4
1167,에이그레이트카페,6,440.0,17,4,22322.0,1073.0,13430.0,커피,10,87,2,3,5,3
1169,브라더한정식도시락,2,165.0,17,14,23731.0,1909.0,7395.0,한식,6,33,5,3,5,2
1170,내고향냉면만두,5,82.0,18,0,9926.0,992.0,3960.0,분식,10,102,4,3,3,3
1171,다빈치커피,21,240.0,17,1,7878.0,337.0,17770.0,커피,21,96,2,3,1,3
1172,슈퍼스테이크,7,374.0,18,16,26255.0,918.0,12680.0,기타 외식,8,-148,1,3,4,1
1173,족발신선생,1,154.0,17,11,58318.0,1988.0,1080.0,한식,5,321,5,3,5,4
1174,쿠니치,4,165.0,18,3,9861.0,557.0,7567.0,패스트푸드,15,145,2,3,1,4
1175,국민파스타,3,110.0,18,18,7858.0,347.0,2310.0,서양식,3,49,2,3,0,2
1176,도쿄빙수,6,198.0,16,1,14656.0,777.0,8670.0,아이스크림/빙수,6,428,1,3,1,5
1177,우된장,6,165.0,15,9,37043.0,3704.0,3520.0,한식,4,295,4,3,5,4
1178,홈팝참치,29,242.0,18,0,12250.0,820.0,6050.0,일식,4,289,4,3,4,4
1179,사나운치킨,3,154.0,17,17,28826.0,2511.0,4810.0,치킨,6,1,1,3,0,2
1183,핑거커피,20,220.0,16,15,2186.0,224.0,4405.0,커피,7,534,3,3,4,5
1184,식감이야기,2,165.0,16,2,28597.0,707.0,9760.0,주점,9,86,5,3,3,3
1188,낭만치맥,9,187.0,15,2,19106.0,1498.0,4447.0,치킨,8,883,2,3,3,5
1189,지훈남닭발,3,143.0,17,0,13050.0,616.0,6010.0,기타 외식,8,301,2,3,1,4
1190,육시리,1,137.0,17,1,69433.0,1181.0,13700.0,한식,9,1,5,3,2,2
1191,얼맥당,4,160.0,17,14,8021.0,311.0,10035.0,주점,4,533,2,3,5,5
1192,김진철동래통닭,7,154.0,15,2,14720.0,475.0,8438.0,치킨,9,-2898,2,3,3,1
1193,전주팔미콩나물국밥,10,220.0,17,1,34792.0,1037.0,9650.0,한식,6,73,4,3,3,3
1194,감통반,4,275.0,17,2,11271.0,786.0,9330.0,주점,9,-452,5,3,4,1
1195,블랙스톤,63,220.0,14,2,36593.0,759.0,19546.0,서양식,8,56,3,3,3,3
1199,카페뚤레,10,198.0,13,13,6265.0,417.0,7505.0,커피,5,-523,1,3,0,1
1200,담미온,4,165.0,17,7,59494.0,1924.0,13080.0,한식,6,38,5,3,4,2
1201,육전면사무소,0,163.0,16,3,26035.0,1091.0,5648.0,기타 외식,8,5,4,3,3,2
1205,치킨을사랑한떡볶이,7,68.0,17,17,37425.0,1992.0,2180.0,한식,4,301,1,3,0,4
1206,몰틀리,10,419.0,17,6,22060.0,597.0,19326.0,기타 외식,6,78,5,3,3,3
1207,우리집닭강정,10,132.0,17,0,10293.0,798.0,3775.0,기타 외식,22,176,3,3,2,4
1211,땡큐꼬마김밥,4,220.0,17,7,18617.0,1428.0,5390.0,분식,7,255,5,3,4,4
1215,카페보그너,2,256.0,17,0,1187.0,47.0,10970.0,커피,8,215,3,3,3,4
1216,온리김치찌개(Only김치찌개),6,165.0,17,8,4076.0,366.0,3641.0,한식,5,20,5,3,4,2
1217,느린마을양조장&펍,47,176.0,16,0,30939.0,508.0,14105.0,주점,24,294,3,3,3,4
1221,남문떡볶이,3,165.0,17,8,22268.0,1848.0,4258.0,분식,4,1001,3,3,5,5
1222,트레비어,12,220.0,16,8,31314.0,712.0,19780.0,주점,8,277,3,3,2,4
1223,서민반찬,7,158.0,17,22,10366.0,676.0,9495.0,한식,6,414,3,3,5,5
1229,치킨퐁237,10,220.0,17,14,14667.0,408.0,6977.0,치킨,4,-3629,2,3,5,1
1230,쇼부,2,27.0,14,1,11389.0,705.0,9025.0,일식,3,22,2,3,0,2
1231,육장장이,4,176.0,17,4,51935.0,814.0,17900.0,한식,5,97,4,3,5,3
1232,호이차,5,220.0,17,3,10218.0,732.0,7403.0,음료 (커피 외),4,245,4,3,5,4
1233,닭에꼬치닭,2,165.0,17,12,12609.0,754.0,3510.0,치킨,5,161,5,3,5,4
1237,하늘본닭,3,220.0,17,2,42361.0,954.0,17570.0,한식,10,-192,1,3,1,1
1238,티라레미수,19,220.0,16,18,9957.0,743.0,22262.0,커피,8,277,4,3,0,4
1239,애플꼬마김밥,3,165.0,17,6,20017.0,1764.0,4810.0,분식,4,4062,2,3,5,5
1243,부대장,19,198.0,17,9,4575.0,235.0,10310.0,한식,17,162,1,3,2,4
1247,하나돈까스,2,250.0,17,1,40579.0,955.0,10950.0,일식,15,264,3,3,3,4
1248,긱스피자,3,187.0,17,6,29137.0,1448.0,6755.0,피자,4,337,4,3,5,4
1249,구이가,17,120.0,17,1,20959.0,468.0,6730.0,기타 외식,17,309,3,3,2,4
1250,콘레드커피,3,170.0,17,2,13508.0,1562.0,5980.0,커피,5,91,3,3,1,3
1251,시골애,7,181.0,17,0,44143.0,1051.0,11770.0,한식,13,2,3,3,3,2
1252,신사부대찌개&품격삼겹살,4,133.0,16,3,23786.0,679.0,12680.0,한식,6,137,4,3,3,3
1253,덮밥애,28,154.0,15,18,16149.0,1540.0,4005.0,기타 외식,9,263,3,3,3,4
1254,마고스,5,233.0,16,0,11079.0,906.0,12950.0,커피,22,-249,1,3,2,1
1258,바로그집,2,220.0,16,4,24024.0,1299.0,9990.0,분식,17,28,4,3,4,2
1267,대한닭발1979,5,150.0,15,5,19582.0,1023.0,3245.0,기타 외식,10,392,2,3,4,5
1271,부타돈카츠,5,220.0,14,10,40978.0,871.0,13180.0,일식,8,-150,1,3,3,1
1272,미스앤미스터포테이토,1,187.0,16,2,17679.0,2074.0,9495.0,패스트푸드,14,16754,2,3,1,5
1276,왕가탕후루,7,220.0,16,16,11251.0,1197.0,5820.0,기타 외국식,5,2076474,1,3,1,5
1277,수김밥,5,165.0,16,1,32103.0,1213.0,8130.0,한식,8,132,4,3,3,3
1281,원조김할머니의령소바,2,143.0,16,1,21500.0,615.0,10560.0,기타 외식,11,-103,1,3,1,1
1285,타르타르,1,275.0,16,1,32294.0,1035.0,24240.0,제과제빵,10,14,1,3,1,2
1289,공룡슈퍼,3,143.0,16,13,25203.0,609.0,9110.0,주점,3,54,5,3,0,3
1290,히즈빈스(HISBEANS),61,269.0,10,2,12526.0,1207.0,14391.0,커피,13,629,3,3,3,5
1291,굴천지&초계국수,3,33.0,14,2,17335.0,413.0,2325.0,기타 외식,20,185,4,3,3,4
1295,삼팔강땡,6,132.0,16,6,31591.0,717.0,7790.0,주점,20,224,2,3,4,4
1299,로봇김밥,14,198.0,7,2,14049.0,683.0,9907.0,분식,7,439,3,3,2,5
1303,칠칠켄터키,13,165.0,16,0,28377.0,696.0,8330.0,치킨,10,136,4,3,5,3
1312,존슨켄터키,4,275.0,16,0,7693.0,433.0,9055.0,치킨,10,98,2,3,4,3
1313,도담치킨,6,165.0,16,4,18294.0,836.0,11440.0,치킨,21,158,3,3,3,4
1314,오드리헵번카페티엠(TM),14,220.0,16,1,11892.0,382.0,18980.0,커피,8,283,3,3,5,4
1318,돈수백,9,165.0,16,0,41497.0,1390.0,10700.0,기타 외식,15,133,3,3,2,3
1322,아그집쭈꾸미,2,45.0,15,3,30491.0,520.0,8590.0,기타 외식,14,2,2,3,1,2
1326,고래감자탕,179,165.0,14,3,61415.0,1569.0,11725.0,한식,8,-112,1,3,2,1
1330,족발맨,2,95.0,16,20,10845.0,876.0,6775.0,기타 외식,4,3,4,3,0,2
1331,콩두,3,140.0,16,0,19312.0,1003.0,770.0,한식,4,4196,3,3,5,5
1332,개집비어,2,154.0,16,0,12600.0,630.0,6690.0,주점,10,33,1,3,1,2
1333,낙원갈비집,7,220.0,16,8,67797.0,961.0,29463.0,한식,4,373,4,3,5,5
1334,귀한족발,3,165.0,16,14,43651.0,1548.0,9111.0,기타 외식,4,190,5,3,5,4
1335,마슬랜,1,154.0,16,3,14328.0,586.0,4370.0,치킨,19,70,5,3,1,3
1336,샤브한쌈,12,188.0,15,3,38787.0,539.0,17927.0,기타 외식,11,23,1,3,2,2
1337,55온족발,2,130.0,16,0,12272.0,482.0,7875.0,기타 외식,8,2,5,3,3,2
1338,황장군,40,165.0,16,0,101595.0,953.0,23780.0,한식,13,126,4,3,3,3
1340,고쿠텐,3,333.0,15,11,40327.0,2594.0,7600.0,일식,4,282,4,3,5,4
1341,파파호두,3,220.0,15,0,11184.0,1096.0,7560.0,제과제빵,16,-290,5,3,1,1
1345,부여통닭,9,165.0,15,4,19909.0,1236.0,4676.0,치킨,5,349,4,3,2,5
1349,전광수커피,14,300.0,12,0,8202.0,253.0,17450.0,커피,5,228,4,3,4,4
1353,크레이지후라이,15,198.0,13,2,30688.0,719.0,9960.0,기타 외식,6,-160,1,3,2,1
1359,삼교리동치미막국수,9,143.0,14,3,39998.0,728.0,13500.0,한식,15,118,4,3,3,3
1363,장상궁김밥,2,180.0,6,0,21350.0,1368.0,7010.0,분식,9,96,2,3,2,3
1367,구슬함박,13,330.0,7,3,51608.0,1425.0,23330.0,기타 외식,9,-287,1,3,1,1
1371,파머스빈,8,198.0,10,5,20990.0,1345.0,7306.0,커피,5,-1083,3,3,4,1
1375,더바스켓,4,154.0,15,5,17891.0,1507.0,4308.0,기타 외식,9,139,2,3,2,3
1379,무성구어바베큐치킨,1,132.0,15,2,7084.0,1235.0,3215.0,치킨,7,154,3,3,4,4
1383,보리네생고깃간,10,154.0,15,0,36431.0,511.0,16065.0,기타 외식,6,1477,3,3,3,5
1387,불땡국수주점,6,198.0,15,0,22648.0,599.0,14091.0,주점,12,28,3,3,1,2
1388,편대장영화식당,5,134.0,13,3,67153.0,1151.0,43500.0,기타 외식,14,-673,3,3,4,1
1389,여장군,9,143.0,14,5,14988.0,739.0,5153.0,한식,4,-834,2,3,4,1
1390,하바나익스프레스,4,242.0,15,0,11966.0,400.0,7890.0,커피,9,52,2,3,1,2
1391,고베규카츠,13,220.0,12,0,27547.0,811.0,19546.0,기타 외식,8,394,1,3,1,5
1392,모던통닭,30,165.0,15,1,21157.0,875.0,7768.0,치킨,16,33,4,3,4,2
1393,치떠끼,4,143.0,15,15,3645.0,377.0,3135.0,분식,8,152,3,3,4,4
1394,겐로쿠우동,5,220.0,14,1,18541.0,885.0,8090.0,일식,9,41,3,3,2,2
1395,온기정,12,275.0,13,8,66457.0,2848.0,15605.0,일식,7,191,4,3,4,4
1396,노마세야매운갈비찜,3,187.0,15,1,18238.0,755.0,9670.0,한식,9,76,3,3,2,3
1397,조선의한우,10,170.0,15,1,58110.0,1221.0,10910.0,기타 외식,17,487,1,2,1,5
1398,보영만두,11,198.0,15,8,27334.0,1688.0,8980.0,분식,8,-744,3,3,3,1
1399,난다곱창,7,110.0,14,14,21038.0,2103.0,2686.0,한식,5,-262,1,3,0,1
1400,사골먹은감자탕,1,297.0,15,8,19003.0,1552.0,5755.0,한식,5,196,5,3,4,4
1401,슈퍼떡볶킹,12,143.0,15,6,6983.0,574.0,4135.0,분식,4,68,5,3,3,3
1402,어다리,2,170.0,15,0,76001.0,874.0,22025.0,기타 외식,11,13,2,3,0,2
1403,전주24시참편한39콩나물국밥,5,192.0,15,1,45486.0,1217.0,13670.0,한식,4,360,4,3,5,5
1404,밤새지기,4,154.0,14,6,14317.0,472.0,6855.0,주점,8,165,2,3,1,4
1405,라이스쉐프,5,220.0,14,3,15893.0,1446.0,9430.0,분식,8,-130,1,3,4,1
1406,옛날농장,3,165.0,15,0,74406.0,1459.0,12551.0,한식,16,52,2,3,2,3
1407,소소한일상의별난주점,4,188.0,14,0,11917.0,874.0,4380.0,주점,8,4400,2,3,3,5
1416,통큰낙지,1,187.0,14,4,35436.0,708.0,17600.0,한식,12,14,5,3,2,2
1420,솔레미오,1,220.0,14,1,15567.0,432.0,10210.0,기타 외식,18,108,1,3,4,3
1421,커피하우스,1,198.0,13,0,10062.0,459.0,5500.0,커피,12,2,5,3,2,2
1422,김경자소문난대구왕뽈찜,2,176.0,14,0,36853.0,586.0,13920.0,한식,9,98,3,3,3,3
1423,꽃담은소,3,121.0,14,1,34502.0,609.0,18585.0,기타 외식,13,-224,4,3,4,1
1424,방태막국수,35,198.0,13,8,40075.0,701.0,10867.0,한식,11,116,3,3,2,3
1425,복사꽃피는집,25,260.0,12,5,51954.0,729.0,22710.0,한식,8,127,4,3,2,3
1426,농부치킨,44,220.0,13,10,16316.0,580.0,4590.0,치킨,18,131,3,3,3,3
1427,레시피#9,2,165.0,7,1,46628.0,711.0,15750.0,기타 외식,10,-173,1,3,2,1
1428,쌔떼치킨&꾸버불라,2,80.0,14,0,3452.0,179.0,2150.0,치킨,24,168,4,3,3,4
1429,뽕신,7,198.0,12,2,28690.0,928.0,11060.0,중식,12,101,2,3,1,3
1430,두남자찜닭,8,253.0,14,0,37723.0,609.0,15530.0,한식,9,37,2,3,2,2
1431,남노갈비,8,166.0,13,1,12577.0,267.0,12820.0,한식,12,371,3,3,2,5
1432,코코샤브,14,198.0,14,1,43310.0,426.0,30700.0,기타 외식,20,90,2,3,1,3
1433,빛나는바다,3,220.0,14,0,77480.0,1287.0,14431.0,기타 외식,9,-163,1,3,2,1
1434,신의주부대찌개,3,165.0,12,2,21929.0,755.0,9517.0,한식,22,96,5,3,5,3
1438,대왕해물문어보쌈,17,165.0,14,5,45980.0,620.0,18100.0,기타 외식,8,-239,1,3,5,1
1439,으니의수라간,10,440.0,14,5,6069.0,1103.0,5320.0,분식,10,258,3,3,3,4
1440,압구정곱떡,25,253.0,13,14,53606.0,1437.0,12078.0,기타 외식,8,39,5,3,5,2
1441,동산만두,11,102.0,14,4,19942.0,2140.0,2473.0,분식,6,-739,3,3,4,1
1442,콩시루,3,140.0,14,1,21894.0,729.0,7580.0,한식,7,69,5,3,3,3
1446,우리동네국수집,9,165.0,14,1,18369.0,912.0,5635.0,분식,7,307,2,3,2,4
1447,모모닭강정,3,110.0,14,4,7030.0,669.0,2652.0,치킨,17,144,2,3,1,4
1451,돈돈정,3,330.0,14,0,52644.0,16378.0,15700.0,일식,6,1291,1,3,1,5
1455,불오뎅,8,154.0,14,1,14626.0,984.0,4215.0,분식,11,59,5,3,3,3
1459,도노텀블,5,198.0,14,1,9492.0,408.0,6627.0,커피,8,502,3,3,2,5
1463,더짝,4,198.0,14,0,59639.0,675.0,13587.0,기타 외식,12,-3451,2,3,1,1
1467,몽실이비어,4,187.0,14,2,11968.0,787.0,4345.0,주점,10,171,4,3,1,4
1468,보나베띠,6,245.0,14,0,59001.0,2339.0,25556.0,서양식,18,-272,3,3,1,1
1469,사람사는고깃집김일도,12,165.0,14,1,82263.0,1532.0,13452.0,한식,10,304,1,3,2,4
1470,바람의핫도그,21,198.0,9,4,18942.0,386.0,10750.0,패스트푸드,7,2638,3,3,3,5
1474,뜨돈(DD'DON),4,176.0,14,4,57527.0,997.0,11520.0,서양식,10,1000,5,3,5,5
1478,새벽회,3,220.0,13,4,3358.0,237.0,7815.0,일식,3,579,2,3,0,5
1479,우림칼국수,3,22.0,13,11,32295.0,788.0,3082.0,분식,8,10,5,3,4,2
1480,오늘도찜닭&삼겹&파스타,1,143.0,13,12,5913.0,383.0,3575.0,한식,5,15895,5,3,4,5
1481,오슬로우(OHSLOW),5,275.0,14,7,13344.0,1061.0,6845.0,커피,5,-1343,2,3,5,1
1482,두레옛날통닭,1,132.0,14,6,25153.0,1722.0,4040.0,치킨,4,-160,1,3,4,1
1483,아자부,6,253.0,12,6,17266.0,1111.0,28200.0,기타 외식,6,235,4,3,4,4
1489,신야텐야,2,479.0,14,7,14461.0,996.0,17370.0,일식,6,-162,3,3,3,1
1490,우성돈까스,0,187.0,14,8,25888.0,1291.0,7250.0,일식,2,181,3,3,1,4
1491,맛들의축제,3,170.0,13,5,1948.0,131.0,7220.0,한식,9,4,1,3,1,2
1492,더맛있는족발보쌈,1,143.0,14,3,79842.0,2537.0,9363.0,한식,5,65,5,3,1,3
1493,바울아저씨,2,198.0,13,1,20501.0,797.0,9222.0,분식,9,7,1,3,1,2
1497,프랑스에다녀온붕어빵,8,330.0,9,5,8927.0,324.0,17830.0,제과제빵,9,103,2,3,2,3
1501,심청아배고파,32,44.0,13,0,12928.0,219.0,5940.0,기타 외식,17,35,4,3,3,2
1510,두껍삼,2,165.0,13,1,110021.0,985.0,8430.0,기타 외식,11,362,5,3,2,5
1511,장인족발608,3,143.0,13,0,43069.0,347.0,7348.0,한식,9,20,4,3,2,2
1515,북문당,3,242.0,12,11,13410.0,1700.0,6229.0,제과제빵,4,869,4,3,5,5
1516,하와이새우트럭,7,110.0,13,2,15319.0,450.0,13660.0,기타 외국식,6,120,2,3,2,3
1520,김삿갓통닭,4,143.0,12,7,28106.0,1538.0,4755.0,치킨,5,-875,4,3,4,1
1521,마라루,1,165.0,13,5,29790.0,2528.0,6775.0,중식,4,3212,3,3,5,5
1522,온채당,19,176.0,13,0,37726.0,665.0,19695.0,한식,8,479,3,3,2,5
1526,주인의주방,15,198.0,13,2,22194.0,718.0,6515.0,일식,8,302,3,3,2,4
1535,생극해장국,6,165.0,13,5,20200.0,359.0,9250.0,한식,10,327,3,3,2,4
1539,몰리제피자,4,143.0,13,0,14991.0,1499.0,4743.0,피자,11,36,2,3,2,2
1543,일일향,14,345.0,12,1,218538.0,10723.0,29760.0,중식,4,-280,1,3,5,1
1544,정도너츠,19,220.0,11,0,10695.0,352.0,14465.0,제과제빵,15,113,3,3,3,3
1545,정직한통닭,2,126.0,13,1,9544.0,503.0,6057.0,치킨,14,794,3,3,2,5
1546,보배반점,2,165.0,13,7,91826.0,2155.0,13260.0,중식,3,694,4,3,0,5
1547,냅다청양집,6,148.0,13,13,31129.0,1133.0,6070.0,한식,3,301,4,3,0,4
1548,박용석스시,3,13.0,6,2,66976.0,4143.0,1467.0,일식,8,110,4,3,5,3
1549,이선생짜글이,4,165.0,13,13,31260.0,1563.0,7240.0,한식,14,4,5,3,4,2
1550,김치도가,3,133.0,13,8,28265.0,683.0,8873.0,한식,5,-2214,2,3,2,1
1551,무한삼겹시대,3,176.0,12,0,32544.0,767.0,10670.0,한식,7,90,3,3,4,3
1552,채상궁,7,165.0,13,0,55955.0,643.0,15300.0,한식,17,131,3,3,2,4
1556,댓짱돈까스,4,192.0,12,0,58223.0,5425.0,17506.0,한식,6,197,5,3,3,4
1560,괴짜쉐프파스타,3,187.0,13,13,17168.0,891.0,6655.0,서양식,4,337,4,3,5,4
1561,쿡플,2,57.0,13,2,11413.0,321.0,4385.0,일식,10,515,3,3,1,5
1565,맷돌로만,1,187.0,13,1,47227.0,975.0,13775.0,한식,11,80,1,3,2,3
1566,역전국밥,7,154.0,13,4,63448.0,1797.0,8340.0,한식,5,107,4,3,3,3
1567,삼삼이네,1,132.0,13,1,31910.0,1455.0,7054.0,한식,19,107,5,3,2,3
1568,로타리치킨상회,10,143.0,13,8,13008.0,744.0,5798.0,치킨,6,-132,1,3,5,1
1569,육봉달,7,165.0,13,0,37408.0,587.0,10565.0,기타 외식,11,20,3,3,2,2
1570,9cafe,6,275.0,9,0,14159.0,1580.0,8090.0,커피,7,-972,2,3,2,1
1574,닭광정,4,343.0,12,6,20054.0,1994.0,6790.0,치킨,4,-495,1,3,5,1
1575,철판떼기,6,165.0,13,4,24385.0,662.0,1070.0,한식,4,1313,2,3,5,5
1576,닭갈비클라쓰,3,123.0,13,8,15004.0,1034.0,3820.0,치킨,4,380,4,3,5,5
1577,슈퍼사이즈커피,15,198.0,11,1,6816.0,623.0,4641.0,커피,17,-524,2,3,1,1
1578,족발3시30분,1,165.0,12,2,25579.0,1141.0,8492.0,한식,5,1223,2,3,1,5
1579,고양이부엌,2,196.0,13,2,19732.0,950.0,8190.0,기타 외식,8,778,1,3,2,5
1580,접시고기,2,165.0,11,6,37955.0,1208.0,6745.0,한식,4,-315,1,3,5,1
1581,엉뚱한상상,15,165.0,12,2,7689.0,567.0,6530.0,기타 외식,8,465,2,3,2,5
1582,루고,5254,230.0,11,3,10560.0,119.0,12645.0,커피,4,217,1,3,3,4
1586,황홀한막창,2,132.0,10,4,9863.0,495.0,3765.0,기타 외식,12,7,5,3,4,2
1587,도쿄팡야,7,275.0,12,1,25808.0,795.0,22175.0,제과제빵,11,203,3,3,1,4
1588,장인닭갈비,25,253.0,12,1,51072.0,1279.0,9794.0,기타 외식,8,39,5,3,5,2
1589,리치망고,3,264.0,12,0,14418.0,623.0,11390.0,음료 (커피 외),9,279,2,3,1,5
1590,떡볶당,13,198.0,10,11,13238.0,1323.0,5084.0,분식,10,23,2,3,3,2
1591,배가네동태탕찜전문점,1,132.0,11,0,16339.0,352.0,6720.0,기타 외식,7,5,5,3,3,2
1592,커스텀커피,14,275.0,8,1,15648.0,806.0,8702.0,커피,4,-1046,2,3,5,1
1593,김영화부대찌개,5,143.0,11,6,31319.0,805.0,10420.0,한식,14,33,5,3,3,2
1594,제주도그릴,2,165.0,12,1,47063.0,1238.0,8002.0,기타 외식,4,61,5,3,5,3
1598,진국본가,5,176.0,11,5,32406.0,677.0,11930.0,한식,4,82,4,3,5,3
1599,chefdog,3,165.0,11,3,29496.0,1184.0,8340.0,기타 외국식,8,-199,1,3,1,1
1600,안동한우곱창,10,165.0,12,2,17604.0,526.0,8560.0,기타 외식,9,297,3,3,2,4
1609,뿔난황소곱창,5,142.0,11,2,21338.0,765.0,6720.0,한식,5,533,1,3,1,5
1613,836숯불바베큐치킨,2,143.0,12,1,9788.0,460.0,3566.0,치킨,6,57,2,3,1,3
1617,메이드인짬뽕,3,132.0,11,4,27628.0,854.0,7912.0,중식,9,-233,5,3,5,1
1626,하이미트,6,148.0,11,0,25761.0,355.0,23035.0,한식,18,113,3,3,1,3
1630,인생해장국,29,143.0,12,2,25658.0,864.0,8611.0,한식,7,229,3,3,2,4
1631,창화당,14,330.0,8,4,33039.0,1778.0,11464.0,기타 외식,5,109,4,3,4,3
1632,하겐다즈,55,750.0,11,0,29132.0,1907.0,34388.0,아이스크림/빙수,32,262,3,3,3,4
1633,한옥집김치찜,7,275.0,6,4,24780.0,626.0,16400.0,한식,9,5627,2,3,3,5
1635,일품해운대봉가떡볶이,6,165.0,11,11,7901.0,371.0,3664.0,분식,3,-259,1,3,0,1
1636,육값어치,1,165.0,11,6,31422.0,1242.0,6570.0,한식,4,4,5,3,5,2
1637,와치킨,2,176.0,12,10,17558.0,940.0,4312.0,치킨,4,-118,1,3,1,1
1638,일품장수미역,2,207.0,12,5,22292.0,672.0,13968.0,한식,9,-2855,3,3,4,1
1639,부송국수,3,146.0,12,0,24150.0,764.0,10080.0,분식,8,4,5,3,3,2
1640,닐리스(Nilli's),5,181.0,10,5,21913.0,628.0,19574.0,서양식,18,191,2,3,4,4
1644,범산목장,5,275.0,11,8,17740.0,964.0,9930.0,아이스크림/빙수,16,267,4,3,4,4
1648,삼청동멸치국수,3,154.0,12,4,10035.0,721.0,5480.0,한식,6,-139,2,3,2,1
1652,코다차야,9,175.0,12,1,122314.0,803.0,37248.0,한식,10,151,2,3,1,4
1653,신가네정읍국밥,6,275.0,12,4,31366.0,776.0,19989.0,한식,6,276,3,3,4,4
1657,미친고기,4,194.0,12,0,35311.0,997.0,10753.0,기타 외식,7,0,4,3,2,2
1661,푸다기,6,180.0,12,1,24007.0,216.0,9500.0,기타 외식,13,-238,4,3,2,1
1662,OK포차,9,132.0,12,5,49724.0,818.0,9075.0,주점,12,84,4,3,2,3
1666,사위식당,2,154.0,11,6,43587.0,1242.0,10785.0,한식,5,451,5,3,5,5
1670,달떡볶이,2,220.0,12,13,26219.0,2438.0,4215.0,분식,7,319,3,3,1,5
1671,본앤본,4,187.0,12,3,7095.0,550.0,5480.0,기타 외식,9,151,2,3,5,4
1672,더도이축산직영점,9,165.0,12,7,33461.0,736.0,11740.0,한식,8,15,4,3,5,2
1673,제주둘레국수,6,187.0,12,3,23173.0,956.0,6975.0,한식,4,169,3,3,5,4
1674,커피마마퀸,26,162.0,11,11,1417.0,104.0,6720.0,커피,13,416,2,3,3,5
1675,연어시대,6,165.0,11,0,27678.0,734.0,9020.0,기타 외식,8,167,3,3,5,4
1676,어바웃샤브,0,430.0,11,1,25126.0,439.0,8120.0,기타 외식,15,460,2,3,1,5
1685,플레어비,8,242.0,6,5,8836.0,395.0,19420.0,커피,4,658,3,3,5,5
1686,청불,0,99.0,8,9,81712.0,1220.0,11747.0,주점,7,214,2,3,1,4
1687,마시찜(MASIZZIM),12,155.0,8,1,42039.0,1437.0,11000.0,한식,11,129,3,3,2,4
1696,오리지널시카고,8,220.0,10,1,22486.0,737.0,22770.0,피자,9,53,1,3,1,3
1705,메밀골동해막국수,5,165.0,11,2,15105.0,210.0,13280.0,한식,15,206,4,3,4,4
1714,카페샌앤토,76,176.0,11,9,6993.0,301.0,6833.0,패스트푸드,15,344,2,3,3,5
1718,유생촌,8,198.0,11,1,71508.0,737.0,38530.0,기타 외국식,9,27,2,3,5,2
1727,오이시함바그,9,220.0,11,0,15396.0,401.0,14975.0,일식,10,-1104,1,3,1,1
1736,축제갈비,23,143.0,11,3,46782.0,560.0,17310.0,한식,14,149,3,3,4,4
1737,3대서가밀면,1,198.0,10,0,1277.0,121.0,12740.0,한식,14,140,5,3,1,4
1746,비행접시버거,5,495.0,10,11,28043.0,8329.0,13948.0,패스트푸드,4,-184,1,3,5,1
1747,넙딱집,2,132.0,11,5,25201.0,796.0,5535.0,한식,4,61,5,3,5,3
1748,양꽃이피는밤,9,165.0,10,3,31363.0,1011.0,10915.0,기타 외국식,11,24,4,3,2,2
1752,10번가고기집&쉐프의부대찌개,16,165.0,11,7,32456.0,1007.0,11850.0,기타 외식,8,-376,1,3,4,1
1756,브라운치킨,2,132.0,11,0,16317.0,602.0,5918.0,치킨,9,18,4,3,5,2
1757,후레쉬팩토리,4,143.0,11,0,7250.0,774.0,3830.0,기타 외식,5,64,1,3,1,3
1758,삼환축산,2,154.0,10,10,83310.0,2135.0,10920.0,한식,4,1516,4,3,5,5
1759,브루웍스,8,165.0,11,0,17663.0,470.0,9319.0,주점,7,133,3,3,1,3
1760,할리비어,6,150.0,11,0,19607.0,635.0,5900.0,주점,13,-282,1,3,4,1
1761,에디슨치킨,3,132.0,11,0,3049.0,204.0,3082.0,치킨,20,262,3,3,3,4
1762,미씽유,24,165.0,11,11,24153.0,472.0,9385.0,주점,5,108,4,3,1,3
1763,쿠카쿠,3,198.0,10,5,18562.0,432.0,10510.0,커피,3,37,2,3,0,2
1764,오늘애김밥(오늘愛김밥),3,198.0,11,2,42307.0,2732.0,6460.0,분식,6,60,5,3,4,3
1768,이땔리방앗간,3,165.0,10,29,1154.0,45.0,3686.0,분식,7,-674,1,3,4,1
1769,삼겹랜드,6,130.0,11,13,18092.0,303.0,11980.0,한식,18,113,3,3,1,3
1770,큐큐면관,18,176.0,9,2,15400.0,757.0,10265.0,중식,6,-215,1,3,3,1
1771,해방곱창,3,110.0,10,7,41475.0,1309.0,7585.0,한식,5,27,5,3,3,2
1772,삼겹구이,5,66.0,11,0,20144.0,522.0,2668.0,한식,12,459,1,3,2,5
1773,삼오칠싸롱,5,165.0,10,6,36215.0,876.0,9350.0,주점,11,58,2,3,1,3
1777,오슬로(o'slo),4367,628.0,7,0,12595.0,1513.0,13173.0,아이스크림/빙수,28,209,2,3,3,4
1781,호토모토(HottoMotto),15,198.0,9,1,14960.0,1242.0,5689.0,기타 외식,11,52,1,3,1,2
1785,징차이짜장,15,165.0,10,5,40315.0,1004.0,12025.0,중식,8,465,2,3,2,5
1786,1987루프탑&라운지,5,165.0,10,0,58391.0,438.0,22500.0,서양식,7,75,5,3,3,3
1790,반궁,5254,310.0,10,9,29590.0,361.0,14431.0,한식,4,217,1,3,3,4
1791,타르트팜,1,200.0,10,3,9252.0,789.0,5900.0,제과제빵,10,163,4,3,2,4
1795,맥주활력수,4,146.0,10,4,16123.0,684.0,6990.0,주점,5,1265,2,3,2,5
1796,덮다,9,58.0,9,9,25166.0,2642.0,4270.0,한식,4,58,5,3,5,3
1797,한올면옥,7,165.0,10,2,36245.0,562.0,18755.0,한식,6,6,4,3,2,2
1798,일호감자탕,5,120.0,11,2,27401.0,724.0,9051.0,한식,8,38,3,3,4,2
1799,가마실감자탕,7,132.0,6,1,9680.0,351.0,8560.0,한식,6,246,4,3,4,4
1800,진미면막국수,2,110.0,10,1,30373.0,582.0,6240.0,분식,13,33,5,3,3,2
1801,황제잠수함인,4,170.0,11,1,51249.0,260.0,15850.0,기타 외식,8,138,3,3,3,4
1802,갈비애드림,4,115.0,11,5,30743.0,691.0,8992.0,한식,7,81,5,3,1,3
1803,범천집목구이,6,110.0,9,1,25234.0,1169.0,5552.0,한식,8,-360,1,3,1,1
1804,더소야소,3,132.0,9,0,39232.0,1523.0,10100.0,한식,9,9,5,3,2,2
1805,수유다래함박스텍,3,154.0,11,3,17743.0,1009.0,4610.0,기타 외식,5,-134,2,3,1,1
1806,청연,1,275.0,10,9,18531.0,2305.0,4510.0,일식,4,1265,5,3,5,5
1807,카페코나퀸즈,12,275.0,10,0,23638.0,580.0,20580.0,커피,10,-275,1,3,2,1
1808,삼훈국민생아구찜,3,165.0,11,2,35362.0,683.0,14465.0,한식,6,220,4,3,3,4
1809,월간피자,22,275.0,10,2,11210.0,829.0,5610.0,피자,7,458,1,3,4,5
1810,오과장대패&샐러드바,3,110.0,11,11,27194.0,693.0,6600.0,한식,6,6,5,3,1,2
1811,괸당집,2,125.0,11,5,38862.0,1721.0,6136.0,한식,4,15548,3,3,0,5
1812,불티매운족발,3,143.0,10,0,6585.0,289.0,2893.0,한식,10,899,2,3,3,5
1813,본세이로무시,2,176.0,10,1,39184.0,1405.0,10576.0,한식,4,1571,2,3,5,5
1814,농장사람들,2,165.0,6,0,144276.0,1881.0,22240.0,기타 외식,6,57,2,3,2,3
1815,투마리치킨,4,132.0,10,0,9218.0,504.0,3769.0,치킨,13,166,2,3,1,4
1816,덕뽀리,2,198.0,10,4,19396.0,1650.0,4260.0,한식,15,86,4,3,1,3
1817,미스터스시,3,198.0,10,2,51499.0,1435.0,16630.0,일식,9,-383,1,3,2,1
1821,카페도헤이왕의커피,6,212.0,9,0,8002.0,374.0,4670.0,커피,11,-284,4,3,2,1
1825,숯겹살집,1,110.0,9,1,19715.0,474.0,8700.0,한식,6,148,1,3,1,4
1826,위찜,3,176.0,9,7,43678.0,1233.0,11760.0,기타 외식,3,1235,2,3,1,5
1827,한국순대,2,165.0,10,3,15259.0,513.0,6990.0,한식,5,88,4,3,2,3
1828,심야오뎅,9,176.0,10,0,10341.0,480.0,5239.0,일식,6,254,2,3,1,4
1829,신화신가네매운떡볶이,1,143.0,8,0,4126.0,330.0,3278.0,분식,9,1,5,3,1,2
1833,지유가오카브레드,15,249.0,10,8,20843.0,1157.0,11071.0,제과제빵,7,268,3,3,5,4
1834,오목집,21,181.0,10,0,75552.0,1538.0,13580.0,기타 외식,7,117,4,3,4,3
1835,쿡친,2,256.0,9,0,14335.0,1171.0,6272.0,한식,10,1796,1,3,1,5
1839,그릴타이,13,242.0,10,0,55778.0,1589.0,16010.0,기타 외국식,10,96,4,3,2,3
1843,미스터빅,4,312.0,10,0,7074.0,144.0,13245.0,패스트푸드,11,-271,1,3,1,1
1852,원가회관,3,165.0,10,1,11566.0,640.0,9880.0,한식,5,1193,2,3,1,5
1853,포인포카페,11801,800.0,9,4,10765.0,713.0,13127.0,커피,41,337,2,3,2,5
1862,데일리오아시스,6,275.0,9,5,24413.0,550.0,13390.0,커피,3,-121,1,3,0,1
1866,신라명과,135,256.0,10,0,5716.0,368.0,10680.0,제과제빵,40,159,3,3,3,4
1875,망고레이,10,264.0,9,3,27497.0,864.0,11010.0,음료 (커피 외),8,-706,2,3,3,1
1879,곱창파이터,12,165.0,10,5,4506.0,267.0,6540.0,기타 외식,4,68,5,3,3,3
1883,호반식,233,165.0,9,8,2719.0,594.0,6237.0,기타 외식,33,647,1,3,2,5
1887,강촌식당,193,176.0,10,0,29703.0,1019.0,11530.0,한식,23,-640,1,3,1,1
1891,코지하우스,15,275.0,9,9,34080.0,1166.0,13040.0,서양식,9,195,4,3,5,4
1895,명동전가,10,165.0,6,6,50098.0,1369.0,16910.0,한식,17,33,2,3,1,2
1899,거북이동네,3,165.0,10,10,60707.0,1302.0,13229.0,한식,3,82,5,3,0,3
1900,서민피자,1,110.0,9,6,1456.0,90.0,4820.0,피자,10,93,5,3,4,3
1901,서리서리멸치국수,2,154.0,10,4,22316.0,896.0,6919.0,분식,4,41,5,3,3,2
1902,참한국밥,5,132.0,9,5,20922.0,793.0,7662.0,한식,4,23,4,3,5,2
1903,달콤한삼겹살,6,130.0,9,4,51434.0,1268.0,8925.0,한식,6,2,4,3,5,2
1904,마이쥬스,4,209.0,10,2,20501.0,1007.0,11305.0,음료 (커피 외),8,78,3,3,1,3
1905,트윗젤(Twitzel),6,275.0,4,1,23834.0,1991.0,10350.0,제과제빵,9,682,3,3,2,5
1909,프롬하와이,5,165.0,10,7,36737.0,798.0,12147.0,주점,11,-142,1,3,2,1
1913,닭꾸버,3,143.0,10,1,11468.0,922.0,2865.0,치킨,6,278,2,3,4,4
1917,다구오,9455,160.0,9,1,33098.0,3770.0,6280.0,기타 외국식,4,84,2,3,0,3
1921,테루,5254,197.0,9,6,21887.0,423.0,6331.0,일식,4,217,1,3,3,4
1925,날마다대박나는집,6,18.0,10,2,80246.0,424.0,50600.0,한식,6,192,4,3,5,4
1926,예지현(YEZIHYUN),6,176.0,10,0,35264.0,926.0,11780.0,중식,9,112,1,3,3,3
1927,휴블랑,16,230.0,8,5,33635.0,478.0,29700.0,서양식,8,167,2,3,3,4
1931,한나낙지마당,3,150.0,9,0,37939.0,659.0,13160.0,한식,14,-149,2,3,2,1
1947,좋은초밥,2,110.0,9,9,42857.0,4285.0,1860.0,일식,3,6,4,3,0,2
1948,닭권브이,7,110.0,9,1,2161.0,77.0,3230.0,치킨,3,1648,4,3,4,5
1964,치킨처럼,4,220.0,9,0,25299.0,2348.0,13390.0,치킨,4,1418,2,3,2,5
1973,커피인더카툰,21,198.0,9,7,6308.0,162.0,16305.0,커피,11,39,5,3,4,2
1977,요거트맨,1,220.0,9,4,9124.0,960.0,7230.0,음료 (커피 외),9,-204,5,3,4,1
1978,조선닭볶음탕,6,71.0,9,0,42951.0,2616.0,5205.0,한식,6,57,5,3,4,3
1979,일품투가리감자탕,2,165.0,9,4,41667.0,694.0,13755.0,한식,4,-3102,2,3,5,1
1980,오독지글,3,165.0,9,7,32197.0,1073.0,7970.0,한식,7,42,5,3,1,2
1989,양철북,8,165.0,9,2,43850.0,870.0,8880.0,한식,9,155,4,3,4,4
1998,레드썬,2,165.0,9,0,15399.0,771.0,6250.0,분식,11,79,3,3,5,3
2014,더마스터커피,4,220.0,9,1,8657.0,527.0,6380.0,커피,9,-126,1,3,1,1
2015,귀일,8,206.0,7,2,11453.0,1563.0,6030.0,분식,9,455,3,3,2,5
2019,펍피맥,7,203.0,7,2,21334.0,699.0,9088.0,기타 외식,20,26,2,3,2,2
2020,큰정할매순대국,4,154.0,9,1,25790.0,789.0,9486.0,한식,10,733,2,3,2,5
2021,로니로티,4,220.0,9,0,93065.0,1124.0,32915.0,기타 외식,10,7,3,3,2,2
2022,역대짬뽕,3,264.0,9,8,70683.0,1271.0,13235.0,기타 외식,9,228,5,3,4,4
2023,바리스타비,4,286.0,9,0,3701.0,133.0,3630.0,커피,14,198,2,3,2,4
2032,도쿄술집,17,180.0,9,2,30476.0,699.0,8750.0,주점,17,309,3,3,2,4
2033,갈비꽃,3,187.0,9,9,71294.0,1445.0,13210.0,한식,5,60,5,3,5,3
2034,영칼로리,9,1.0,9,4,2073.0,96.0,3885.0,기타 외국식,5,355,3,3,4,5
2036,베트꽁쌀국수,2,135.0,9,1,22806.0,1924.0,5800.0,기타 외국식,7,395,4,3,1,5
2037,더코드,7,189.0,8,0,7476.0,191.0,9550.0,기타 외식,7,-194,1,3,2,1
2038,온마리,2,132.0,9,1,11850.0,394.0,6009.0,기타 외식,9,3,5,3,3,2
2042,닭깡,5,143.0,9,2,4869.0,511.0,2838.0,치킨,13,-128,1,3,1,1
2043,왓삼,1,132.0,9,5,26094.0,914.0,8970.0,기타 외식,7,989,5,3,2,5
2047,토스트카페마리,17,209.0,9,7,7798.0,1169.0,6645.0,제과제빵,4,-220,1,3,4,1
2048,스시야마,4,253.0,9,0,73488.0,2226.0,16305.0,일식,10,-271,2,3,5,1
2052,서소문족발,21,176.0,8,0,64087.0,1554.0,12812.0,기타 외식,8,52,2,3,3,2
2056,한왕스1980,4,165.0,9,3,16683.0,693.0,5215.0,서양식,10,-193,2,3,1,1
2065,이수근의술집,8,154.0,9,0,21400.0,163.0,10487.0,주점,14,-366,3,3,4,1
2074,이여사나무김밥,3,165.0,9,0,18933.0,2874.0,5832.0,분식,10,6,2,3,0,2
2078,짬뽕타운,3,154.0,9,9,92761.0,1692.0,9822.0,중식,3,889,3,3,0,5
2080,랜돌프,2,275.0,9,6,49722.0,1839.0,12500.0,주점,3,-624,1,3,0,1
2081,홍코너,3,165.0,9,3,27488.0,3174.0,4952.0,분식,7,166,5,3,5,4
2082,쉐프가만든떡볶이,2,506.0,9,7,9839.0,1159.0,6099.0,분식,10,340,2,3,4,5
2084,치킨선수,2,176.0,6,5,15189.0,546.0,4995.0,치킨,5,-678,2,3,5,1
2085,호키네유부,1,275.0,9,4,19746.0,1828.0,7540.0,일식,6,76,4,3,2,3
2086,육회한통닭,4,176.0,8,6,56544.0,2275.0,6272.0,치킨,7,4,5,3,3,2
2087,무교동유정낙지,8,187.0,9,2,58312.0,1389.0,12275.0,한식,11,143,2,3,2,4
2093,장인원조큰손할매순대국웰빙시래기해장국,3,121.0,9,0,30220.0,1030.0,7590.0,한식,8,-107,1,3,5,1
2097,스시아오,2,176.0,9,3,55817.0,2274.0,11245.0,일식,4,82,5,3,5,3
2098,정대박나주곰탕,13,165.0,9,2,10911.0,279.0,12905.0,한식,25,74,5,3,4,3
2099,푸르맘찬,4,198.0,9,0,22840.0,1779.0,5610.0,한식,10,5,2,3,2,2
2103,돈페플러스,10,187.0,8,9,8772.0,673.0,4380.0,분식,10,148,4,3,5,4
2104,후라토식당,16,242.0,7,3,61304.0,2589.0,10576.0,일식,5,96,5,3,5,3
2105,오빠담치킨,3,40.0,9,1,8883.0,419.0,1340.0,치킨,11,236,4,3,1,4
2106,조미료를넣지않은참마마된장,2,187.0,6,0,19523.0,986.0,9685.0,한식,6,-317,2,3,5,1
2110,와리터(waliter),8,242.0,5,2,10906.0,1035.0,7540.0,커피,8,-128,1,3,1,1
2114,갈비씨,16,180.0,7,7,25446.0,896.0,8460.0,한식,15,976,3,3,3,5
2118,황소갈비,4,187.0,9,0,46188.0,1211.0,13727.0,한식,6,292900,2,3,1,5
2122,잔잔,9,350.0,9,1,65407.0,2338.0,17920.0,주점,5,14,2,3,5,2
2123,락꼬꼬,530,150.0,9,8,2743.0,113.0,3135.0,치킨,37,94,2,3,1,3
2124,진수곱창,3,165.0,8,7,36126.0,1366.0,8470.0,한식,3,13,5,3,0,2
2125,꼬치선생101,7,180.0,8,5,55962.0,1423.0,8860.0,기타 외식,6,-599,1,3,5,1
2126,무한리필삼겹시대,12,165.0,8,1,34337.0,807.0,9100.0,기타 외식,6,130,4,3,3,4
2127,브로스비어,13,220.0,8,0,16176.0,939.0,5591.0,주점,10,23,2,3,3,2
2128,하즈벤(HAZBEN),3,220.0,6,3,67910.0,1888.0,10715.0,일식,7,-496,1,3,5,1
2129,2代맛태,5,143.0,9,2,22652.0,552.0,9165.0,기타 외식,4,50,4,3,3,2
2130,치킨빵야,15,132.0,9,9,15018.0,927.0,2938.0,치킨,25,195,3,3,0,4
2131,화레무,2,165.0,8,4,30693.0,1675.0,970.0,기타 외식,8,0,5,3,4,2
2132,시오도메,9,176.0,7,1,19212.0,425.0,12050.0,일식,11,392,1,3,2,5
2133,해장꾹이,5,150.0,8,5,29505.0,2366.0,14060.0,한식,9,149,3,3,4,4
2134,청춘닭꼬치,4,187.0,9,9,28051.0,3632.0,6460.0,기타 외식,6,156,4,3,1,4
2136,코끼리가반한핫도그,26,150.0,9,2,5242.0,675.0,3680.0,패스트푸드,13,416,2,3,3,5
2137,팔팔닭국수,5,110.0,7,5,12468.0,745.0,5590.0,한식,4,-45,1,3,5,1
2138,최숙이네,4,143.0,8,0,9463.0,276.0,9190.0,기타 외식,10,135,2,3,2,3
2147,포메인RED,23,572.0,8,7,27737.0,1876.0,11379.0,기타 외식,17,17,4,3,3,2
2148,마카나이,4,200.0,7,0,18927.0,1051.0,5170.0,일식,6,1919,1,3,2,5
2149,오후엔치킨,3,165.0,8,2,20603.0,1266.0,5818.0,치킨,9,23,1,3,2,2
2150,수돈재,20,266.0,8,0,49745.0,2135.0,10565.0,한식,10,184,3,3,3,4
2152,문래돼지불백,6,165.0,8,0,46207.0,2030.0,6710.0,한식,7,3,4,3,3,2
2153,제주면장,35,16.0,8,2,25248.0,919.0,10180.0,한식,11,116,3,3,2,3
2154,리얼후라이,7,330.0,7,1,16720.0,1003.0,6305.0,치킨,7,1408,2,3,2,5
2155,나주곰탕염대감,6,275.0,8,0,19057.0,400.0,18455.0,한식,10,190,4,3,5,4
2156,라벨스하이디,4,198.0,8,1,13017.0,243.0,11408.0,커피,6,-178,1,3,3,1
2157,소래버섯나라,5,143.0,7,2,27071.0,373.0,18337.0,한식,14,-108,1,3,3,1
2166,갈비만,1,143.0,7,0,96962.0,812.0,28350.0,한식,6,17,5,3,4,2
2167,참숯불닭발불떡볶이,5,165.0,8,0,13556.0,843.0,5293.0,분식,6,22,1,3,2,2
2168,WOO'Z,4,297.0,8,3,103092.0,541.0,44310.0,제과제빵,6,1682,5,3,4,5
2169,낭만갈비,6,165.0,8,1,29057.0,824.0,13530.0,한식,9,139,4,3,2,4
2170,청정고을순대,2,165.0,8,1,12137.0,358.0,9705.0,기타 외식,6,91,5,3,3,3
2179,레드락,6,198.0,8,0,11046.0,438.0,7942.0,주점,8,-121,4,3,3,1
2180,대패장사,1,110.0,7,0,14717.0,534.0,6910.0,한식,2,8,5,3,2,2
2181,리원,10,419.0,8,0,14895.0,584.0,19326.0,기타 외식,6,78,5,3,3,3
2185,명태골,1,165.0,8,5,14244.0,380.0,11115.0,한식,5,4,5,3,5,2
2186,1일족발,3,143.0,7,9,34554.0,977.0,8280.0,한식,6,12,5,3,1,2
2187,알리바바쏙쏙김밥,12,198.0,7,2,6814.0,1008.0,6625.0,분식,7,-204,2,3,4,1
2188,비어팩토리,3,198.0,8,0,24496.0,601.0,10400.0,주점,19,141,3,3,1,4
2204,서울맥주,8,187.0,8,0,16159.0,706.0,8535.0,주점,12,932,3,3,1,5
2208,미사랑임실치즈피자,3,165.0,8,0,5568.0,402.0,7479.0,피자,17,1372,2,3,3,5
2217,행당족발,4,154.0,7,0,35528.0,2072.0,5855.0,기타 외식,11,134,5,3,2,4
2233,292짬떡,6,209.0,7,5,11171.0,801.0,4512.0,분식,7,2693,1,3,1,5
2237,한국수,3,198.0,7,3,32724.0,1010.0,11412.0,분식,8,19,5,3,2,2
2238,낙원스낵,7,220.0,8,0,26308.0,1316.0,9850.0,피자,6,70,5,3,4,3
2239,오덕후,5,165.0,8,2,14920.0,1023.0,4181.0,한식,5,608,3,3,4,5
2240,미도인(味道人),11,176.0,7,7,52741.0,1766.0,13995.0,기타 외식,4,172,2,3,5,4
2241,딸부자꼬마김밥,4,143.0,7,3,17474.0,1275.0,3510.0,분식,5,2,5,3,4,2
2242,본구이,8,165.0,8,0,118236.0,846.0,28580.0,기타 외식,5,86,4,3,2,3
2243,센치한닭,5,150.0,8,2,25466.0,665.0,9565.0,치킨,8,-283,1,3,5,1
2247,돼지코생곱창갈비,6,187.0,8,4,19600.0,779.0,8476.0,한식,5,913,3,3,4,5
2248,언노운커피,10,383.0,6,1,19224.0,2895.0,6130.0,커피,9,3775,1,3,1,5
2252,청춘명랑치킨,4,165.0,8,0,29071.0,1687.0,5993.0,치킨,5,584,3,3,4,5
2253,어풍당당,2,165.0,8,1,69529.0,1765.0,15930.0,기타 외식,7,-145,1,3,2,1
2255,레인보우마카롱,8,176.0,7,1,17702.0,1221.0,6341.0,제과제빵,3,346,4,3,0,5
2256,백년시래기,7,165.0,8,8,36547.0,931.0,10450.0,한식,8,489,4,3,5,5
2260,쏘닭,2,176.0,8,1,14833.0,853.0,4567.0,치킨,8,364,3,3,5,5
2264,고선생고로케,5,297.0,8,1,9050.0,592.0,7320.0,제과제빵,9,274,2,3,1,4
2268,모던불닭,4,132.0,7,6,9991.0,512.0,3160.0,한식,3,28,3,3,0,2
2272,모소리,20,165.0,5,1,30437.0,2136.0,10730.0,기타 외식,5,107,3,3,3,3
2273,원청담면옥,4,165.0,8,1,47505.0,755.0,16720.0,한식,4,7344,3,3,4,5
2274,피자닷,3,110.0,7,1,13268.0,578.0,4348.0,피자,7,888,5,3,4,5
2275,피자쿠치나,8,154.0,8,8,58466.0,2918.0,5830.0,피자,9,-179,1,3,0,1
2276,꽈배기킹,2,176.0,8,8,1096.0,83.0,3598.0,제과제빵,3,3457,2,3,0,5
2277,모찌이야기,10,275.0,7,2,21395.0,1945.0,7732.0,기타 외식,9,167,4,3,3,4
2280,양철식당,6,176.0,8,1,27220.0,639.0,11850.0,한식,3,-298,1,3,0,1
2281,민혁이네외국포차,2,198.0,8,1,20545.0,672.0,11605.0,주점,8,-324,2,3,1,1
2282,무한장소,6,181.0,8,0,9411.0,165.0,14765.0,한식,7,717,2,3,1,5
2283,반반식당,10,253.0,7,0,25055.0,1409.0,18870.0,한식,12,-305,2,3,2,1
2284,홍스타맥주집,35,160.0,8,0,11447.0,640.0,4730.0,주점,17,230,3,3,2,4
2288,팔구칠,1,170.0,7,4,4250.0,97.0,9625.0,주점,7,7334,4,3,5,5
2289,붐바타,194,220.0,7,1,30326.0,1106.0,11404.0,기타 외식,8,49,4,3,5,2
2290,치즈밥있슈?,1,165.0,6,0,15833.0,1696.0,4700.0,기타 외식,9,12,5,3,3,2
2294,내가찜한코다리찜,1,198.0,7,0,6666.0,172.0,8250.0,한식,7,626,5,3,3,5
2298,와이디에스치킨(Y.D.S치킨),8,165.0,8,1,6596.0,647.0,4445.0,치킨,17,82,4,3,4,3
2299,주니아,5,275.0,8,5,18789.0,1519.0,8550.0,커피,4,-1399,5,3,5,1
2300,분짜라붐,19,176.0,7,0,36835.0,904.0,17500.0,기타 외국식,6,-976,1,3,1,1
2301,열선수애호박돼지국밥,3,148.0,8,0,10517.0,405.0,5720.0,한식,6,12949,1,3,2,5
2302,송화삼계탕&닭갈비,6,165.0,7,1,27887.0,517.0,10970.0,한식,6,-129,1,3,4,1
2303,반미362,19,209.0,6,6,9824.0,535.0,6562.0,기타 외국식,4,-171,1,3,5,1
2304,라쿵푸마라탕,3,130.0,8,7,34601.0,1233.0,6230.0,중식,4,44,5,3,5,2
2305,필바든치킨,2,143.0,8,0,13797.0,761.0,3660.0,치킨,11,2,5,3,1,1
2306,삼겹촌놈,2,176.0,8,0,32487.0,905.0,11025.0,한식,8,0,5,3,1,1
2307,청춘여행,8,165.0,7,1,10819.0,403.0,6910.0,주점,7,133,3,3,1,3
2308,육회천지,2,249.0,6,4,24085.0,1531.0,8338.0,한식,8,172,4,3,4,4
2309,수준이다른닭발과곱창,5,132.0,7,10,5751.0,390.0,3050.0,한식,4,175,2,3,0,4
2310,빛가람국밥,5,110.0,6,3,19687.0,511.0,10546.0,기타 외식,4,-247,5,3,0,1
2314,따숩,4,209.0,7,5,15629.0,646.0,5425.0,서양식,5,260,3,3,5,4
2315,해우리,4,302.0,7,3,93889.0,483.0,19130.0,한식,13,140,4,3,3,4
2317,제주산방식당,12,242.0,6,4,29491.0,876.0,9630.0,한식,4,-200,1,3,5,1
2318,주박사네순대국밥,7,165.0,7,0,42790.0,969.0,8560.0,한식,9,1335,3,3,3,5
2319,리쿠스쿠스,21,190.0,7,2,108849.0,631.0,41900.0,기타 외식,12,215,4,3,1,4
2335,마중물추어탕,3,198.0,5,1,24264.0,379.0,16120.0,한식,6,95,3,3,3,3
2339,리골레토시카고피자,25,198.0,7,0,39880.0,1316.0,10035.0,피자,8,39,5,3,5,2
2348,참진앓이,3,176.0,6,0,36964.0,1219.0,6720.0,기타 외식,12,61,5,3,1,3
2352,달테이블,19,187.0,7,0,35202.0,594.0,19574.0,기타 외식,8,479,3,3,2,5
2353,달빛한모금,3,176.0,6,0,24401.0,574.0,9616.0,주점,9,6,4,3,2,2
2354,꼬챙이,10,165.0,7,0,11773.0,568.0,1080.0,기타 외식,18,-164,5,3,4,1
2363,치킨연구소,1,132.0,6,0,5204.0,404.0,5710.0,치킨,9,62,5,3,1,3
2364,첫번째필족사랑,3,110.0,7,1,12496.0,726.0,4080.0,한식,13,108,1,3,3,3
2368,하누소,63,242.0,5,0,230281.0,817.0,63373.0,한식,16,80,4,3,3,3
2384,치몬치킨,5,143.0,7,7,7798.0,598.0,4263.0,치킨,4,92,1,3,0,3
2385,쏘시지부대,25,165.0,7,7,694.0,17.0,4710.0,한식,10,109,5,3,5,3
2386,팔백집,6,165.0,7,0,35939.0,1034.0,9550.0,한식,9,180,4,3,5,4
2387,투파인드피터,9,247.0,7,5,70178.0,1000.0,17390.0,서양식,7,477,4,3,4,5
2388,행복포차,7,154.0,7,0,18704.0,837.0,8933.0,기타 외식,9,-269,4,3,5,1
2397,꽃차돌,2,176.0,7,3,37205.0,1206.0,11255.0,한식,5,2602,1,3,3,5
2398,유흥떡볶이,1,55.0,7,1,3487.0,268.0,1925.0,분식,5,70,3,3,5,3
2402,마싰는끼니,3,209.0,7,1,24586.0,481.0,5390.0,일식,8,450,3,3,2,5
2406,몽꼬,4,176.0,7,0,10584.0,352.0,6975.0,기타 외식,12,-3451,2,3,1,1
2415,바다향왕코다리,4,143.0,7,2,59688.0,992.0,21120.0,한식,5,66,4,3,4,3
2416,캘리소프트서브,5,330.0,7,7,3533.0,235.0,7230.0,아이스크림/빙수,4,66410,2,3,5,5
2417,라크리마커피,2,250.0,7,1,9873.0,371.0,6000.0,커피,4,-1067,1,3,5,1
2418,휘드카페,1,209.0,7,1,9040.0,693.0,6360.0,커피,7,8,5,3,5,2
2419,박사단팥빵,2,165.0,5,0,18168.0,1211.0,6822.0,제과제빵,4,-270,1,3,0,1
2420,쥬스팩토리,2,209.0,6,0,7550.0,667.0,6151.0,음료 (커피 외),8,-136,1,3,1,1
2421,효도쿡,150,110.0,7,4,9524.0,639.0,8090.0,기타 외식,12,190,3,3,4,4
2422,밥꼬찜닭,6,143.0,5,5,44264.0,3628.0,2872.0,한식,4,149,5,3,5,4
2423,오천사치킨,1,140.0,7,1,18341.0,862.0,6410.0,치킨,23,65,3,3,2,3
2432,마크빈,19,220.0,7,4,10564.0,223.0,13425.0,제과제빵,17,162,1,3,2,4
2433,곱창제작소,20,165.0,6,2,21721.0,896.0,8960.0,기타 외식,5,474,3,3,4,5
2437,쩐주단,6,218.0,5,2,15942.0,1327.0,7749.0,음료 (커피 외),4,410,3,3,1,5
2438,청담동이춘자살롱,3,192.0,7,1,11311.0,429.0,7997.0,주점,11,4,3,3,2,2
2447,포차까야,15,176.0,7,3,29080.0,750.0,9375.0,주점,7,-206,5,3,0,1
2451,로반스윗,6,275.0,7,0,6117.0,535.0,7395.0,커피,6,-233,1,3,1,1
2452,고레카레,6,198.0,5,1,23919.0,987.0,8000.0,일식,5,-824,1,3,2,1
2453,1987금빛통닭,3,198.0,7,0,17371.0,1013.0,7889.0,치킨,6,31,1,3,1,2
2454,소가담,2,198.0,7,1,22256.0,470.0,16521.0,분식,5,144,1,3,1,4
2455,토리고야,6,170.0,7,0,45964.0,968.0,10780.0,주점,8,-360,1,3,1,1
2456,자연갈비,5,165.0,7,3,42668.0,635.0,9630.0,한식,9,-223,1,3,1,1
2457,인더비엣,12,156.0,6,3,53147.0,1462.0,12691.0,기타 외국식,11,22,5,3,4,2
2458,소보양본가,1,132.0,6,2,25431.0,538.0,7186.0,한식,10,12,5,3,3,2
2459,코코부코,2,244.0,6,3,3936.0,552.0,5009.0,커피,7,4314,1,3,4,5
2460,조개먹는돼지,13,176.0,7,7,67129.0,1384.0,11410.0,한식,7,124,2,3,2,3
2461,피자아이씨,4,165.0,6,1,9715.0,858.0,6380.0,피자,8,276,3,3,3,4
2462,거송갈비찜,4,198.0,6,2,31359.0,670.0,14508.0,한식,4,540,4,3,5,5
2463,할매닭발,1,110.0,7,4,12871.0,715.0,1700.0,기타 외식,6,4,2,3,1,2
2464,카츠3.3,4,187.0,6,0,8691.0,478.0,6855.0,일식,7,-333,1,3,1,1
2468,오구족발,3,143.0,7,1,13398.0,535.0,5920.0,한식,10,899,2,3,3,5
2472,74떡뽀끼,3,124.0,7,7,17396.0,1295.0,4435.0,분식,7,98,5,3,0,3
2473,삐사감김밥,30,220.0,7,1,19196.0,1745.0,8580.0,분식,16,33,4,3,4,2
2477,고미후쿠데판,30,220.0,3,2,16666.0,3098.0,6880.0,기타 외식,7,776,4,3,4,5
2478,해물솥밥모랑,2,275.0,6,2,42173.0,1276.0,14445.0,한식,6,-370,1,3,0,1
2479,흥남부두,8,165.0,7,5,23008.0,621.0,12400.0,분식,9,4637,4,3,1,5
2483,레이지모닝,8,242.0,6,1,30056.0,409.0,23730.0,제과제빵,7,142,2,3,5,4
2484,살아있네아구,3,146.0,7,3,21570.0,424.0,10202.0,한식,6,-331,2,3,4,1
2485,본정,17,225.0,5,2,19205.0,669.0,15280.0,제과제빵,22,1082,3,3,3,5
2486,비어웍스,1,205.0,6,2,18590.0,978.0,6250.0,주점,8,40,5,3,2,2
2487,쓰리몽키즈,5,192.0,7,1,12222.0,405.0,7472.0,주점,5,-2820,3,3,4,1
2488,한고집복국,2,165.0,7,5,25927.0,703.0,9740.0,한식,6,66,5,3,5,3
2489,기사식당,6,154.0,7,7,34149.0,1171.0,8714.0,한식,7,112,4,3,0,3
2490,페르케노,5254,257.0,6,2,9172.0,2026.0,7160.0,아이스크림/빙수,4,217,1,3,3,4
2491,참토우,5,132.0,6,0,85056.0,1342.0,10240.0,한식,12,15,4,3,2,2
2493,반반한되야지,7,148.0,6,4,9487.0,490.0,4039.0,한식,8,443,3,3,5,5
2497,연탄꽃삼겹,10,150.0,6,6,74102.0,1385.0,10115.0,한식,11,22,2,3,2,2
2499,여러분식,3,264.0,6,1,26105.0,2102.0,8649.0,분식,8,-161,1,3,1,1
2503,파리비엔남,3,165.0,6,6,2406.0,147.0,7600.0,기타 외식,10,899,2,3,3,5
2505,맘마미야,61,143.0,5,2,11369.0,1051.0,4545.0,기타 외식,14,277,3,3,4,4
2506,주스탐,1,242.0,6,1,8259.0,1149.0,7260.0,음료 (커피 외),12,-142,1,3,1,1
2508,떡미당,20,220.0,6,2,17539.0,1056.0,9930.0,한식,7,500,3,3,4,5
2509,서울전통육개장,1,143.0,5,0,25921.0,810.0,7989.0,한식,8,-751,2,3,1,1
2513,데일리커피,4,198.0,5,6,19411.0,970.0,6064.0,커피,4,-783,1,3,0,1
2515,아임홈,3,330.0,6,0,35042.0,10633.0,12720.0,커피,5,956,2,3,4,5
2516,양연화로,3,165.0,6,0,67024.0,1870.0,13920.0,기타 외식,7,106,5,3,5,3
2517,정씨함박,2,143.0,5,5,51000.0,1606.0,7370.0,서양식,3,1236,1,3,0,5
2518,어머나생고기,1,143.0,6,0,25197.0,497.0,13060.0,한식,9,166,3,3,3,4
2519,바비후,2,192.0,6,0,32592.0,639.0,10940.0,치킨,7,-10,1,3,0,1
2520,미가람팔팔닭떡볶이,6,219.0,6,1,48919.0,1835.0,13780.0,분식,6,-505,3,3,3,1
2521,쭈꾸미밥상,4,165.0,6,2,95616.0,1366.0,14360.0,기타 외식,7,-356,1,3,5,1
2522,한동길전통감자탕,2,165.0,5,0,26600.0,820.0,10615.0,한식,17,9,5,3,2,2
2523,그집돼지,3,165.0,6,1,28244.0,882.0,10680.0,기타 외식,6,-695,2,3,1,1
2524,고고즉석떡볶이,3,143.0,6,1,1916.0,111.0,5040.0,분식,10,98,5,3,4,3
2525,애솔촌돼지,1,143.0,5,0,19636.0,1012.0,4502.0,한식,19,40,5,3,2,2
2526,까스맨,2,143.0,6,5,16161.0,792.0,5503.0,서양식,7,-297,2,3,5,1
2527,북경짜장,16,154.0,6,2,72287.0,1720.0,14585.0,중식,6,1204,3,3,5,5
2528,고려통닭,15,14.0,6,4,9294.0,687.0,2710.0,치킨,15,1277,2,3,3,5
2529,"찬수씨,싼술을부탁해",4,192.0,6,0,22175.0,420.0,7305.0,주점,8,329,4,3,1,5
2530,고구맘,10,209.0,6,0,5115.0,348.0,7020.0,제과제빵,11,354,3,3,1,5
2531,최용찬의불노리,9,99.0,6,0,7265.0,197.0,3675.0,기타 외식,3,2258,3,3,0,5
2532,시방은새우시대,6,165.0,6,6,22892.0,658.0,7285.0,기타 외식,8,167,3,3,0,4
2533,페이브(fave),32,220.0,5,4,35771.0,983.0,14180.0,음료 (커피 외),5,-245,1,3,4,1
2534,치맥킹,17,253.0,6,2,64961.0,1493.0,16120.0,치킨,7,113,4,3,4,3
2535,엔젤리쉬,23,160.0,6,1,2138.0,145.0,4900.0,제과제빵,8,-142,1,3,0,1
2536,노랑강정,5,198.0,5,1,29659.0,2391.0,4378.0,기타 외식,9,174,3,3,4,4
2537,설화참숯닭갈비,1,132.0,6,0,9890.0,413.0,8915.0,기타 외식,7,11,5,3,3,2
2538,스시다이닝준,7,220.0,5,2,55985.0,1763.0,18230.0,일식,7,-813,2,3,1,1
2539,꼽창꼽창,6,165.0,6,1,39160.0,1601.0,9373.0,한식,7,61,3,3,1,3
2540,강정이기가막혀,39,132.0,6,2,16810.0,1012.0,3026.0,기타 외식,16,328,2,3,2,4
2541,달닭,4,165.0,6,0,4026.0,402.0,3586.0,치킨,20,262,3,3,3,4
2542,백철판0410,281,165.0,5,1,29871.0,765.0,10532.0,한식,29,78,4,3,4,3
2543,백미옛날갈비,10,220.0,6,3,59983.0,1090.0,12270.0,한식,5,153,4,3,5,4
2544,차돌육미,11,220.0,6,3,26249.0,853.0,9650.0,한식,6,134,4,3,2,4
2545,한패,6,143.0,6,0,38318.0,605.0,9520.0,한식,17,109,2,3,1,3
2546,더서민구이(The서민구이),9,130.0,6,1,49681.0,690.0,12990.0,한식,7,-342,1,3,1,1
2547,식빵공장,6,165.0,6,7,26804.0,2680.0,6600.0,제과제빵,6,1821,2,3,0,5
2548,코키펍(COCKY-PUB),6,180.0,5,0,47286.0,628.0,14750.0,주점,8,3794,2,3,1,5
2549,다코기,1,165.0,6,0,31174.0,1743.0,8132.0,치킨,8,99,5,3,2,3
2550,밀크밥버거,65,220.0,6,0,2657.0,194.0,3630.0,분식,17,1292,2,3,3,5
2551,전현주식당,2,220.0,6,6,44344.0,1239.0,8836.0,한식,3,141,4,3,0,4
2552,육개장터,3,220.0,6,0,6168.0,394.0,5450.0,한식,6,-176,1,3,1,1
2553,막돼먹은막창,1,110.0,5,1,20967.0,776.0,4710.0,한식,16,5,5,3,0,2
